object_name,period_start,period_end,possible_impacts,cumulative_impact_probability,asteroid_velocity,asteroid_magnitude,asteroid_diameter_km,cumulative_palermo_scale,maximum_palermo_scale,maximum_torino_scale,eccentricity,semi_major_axis,perihelion_distance,inclination_angle_with_respect_to_x_y_ecliptic_plane,longitude_of_the_ascending_node,argument_of_perihelion,mean_anomaly,time_of_perihelion_passage,sidereal_orbital_period,mean_motion,aphelion_distance
2006 WP1,2017,2017,1,5.2e-9,17.77,28.3,0.007,-8.31,-8.31,0,0.607,1.71,0.671,5.9,234,98.2,22.1,2454008.477,815,0.442,2.74
2013 YB,2017,2046,23,7.6e-5,8.98,31.4,0.002,-6.6,-6.96,0,0.427,1.55,0.888,0.192,269,230,341,2456686.267,705,0.51,2.21
2008 US,2017,2062,30,1.6e-5,18.33,31.4,0.002,-6.48,-6.87,0,0.614,1.61,0.623,5.97,208,90.8,24,2454710.745,748,0.482,2.6
2010 VR139,2017,2076,24,2e-7,4.99,26.7,0.016,-6.83,-6.95,0,0.301,1.43,1,0.364,152,237,12.1,2455493.442,627,0.574,1.86
2015 ME131,2017,2096,85,2.3e-8,19.46,19.2,0.497,-3.85,-4.3,0,0.212,0.816,0.643,33.6,318,157,255,2460278.91,269,1.34,0.99
2010 XB73,2017,2110,55,2.8e-7,5.98,22.5,0.11,-5.03,-5.51,0,0.344,1.81,1.19,3.82,247,190,358,2455550.262,887,0.406,2.43
2005 TM173,2017,2111,123,9e-7,8.79,24.1,0.052,-5.41,-6.42,0,0.675,2.87,0.934,1.28,241,173,354,2453682.976,1780,0.202,4.81
2006 SF281,2017,2111,514,1.9e-6,4.49,26.2,0.02,-5.91,-7.58,0,0.264,1.34,0.985,3.03,9.85,31.2,341,2454038.842,565,0.637,1.69
2010 VP139,2017,2112,350,1.8e-5,2.04,28.5,0.007,-6.51,-7.54,0,0.307,1.2,0.835,2.69,48.9,290,41.6,2455458.693,483,0.746,1.57
2014 HR197,2017,2112,187,7.9e-8,17.02,26.9,0.014,-7.18,-7.97,0,0.593,1.61,0.654,3.62,31.3,278,330,2456833.034,746,0.483,2.56
2015 HV182,2017,2113,509,7.1e-7,7.78,21.7,0.153,-4.14,-5.45,0,0.28,1.4,1.01,0.679,155,255,157,2459936.04,608,0.592,1.8
2008 SH148,2017,2113,163,8.1e-7,9.47,26.1,0.02,-6.57,-7.46,0,0.651,2.71,0.948,3.62,202,201,354,2454767.496,1630,0.22,4.48
2008 XK,2017,2113,171,6.1e-7,9.03,27.2,0.012,-6.85,-7.5,0,0.685,2.81,0.883,6.15,74.6,42.2,353,2454836.294,1720,0.21,4.73
2010 XC,2017,2113,332,3.3e-6,3.96,29.1,0.005,-7.25,-8.05,0,0.325,1.43,0.968,1.22,248,212,344,2455558.93,627,0.574,1.9
2010 MY112,2017,2114,440,7e-6,2.1,25.5,0.029,-4.9,-5.95,0,0.245,1.07,0.809,38.6,83.1,328,272,2455470.873,405,0.888,1.33
2014 MO68,2017,2114,262,1.5e-6,8.36,23.5,0.067,-5.06,-6.04,0,0.6,2.4,0.961,2.54,318,23,158,2459605.76,1360,0.265,3.84
2009 FZ4,2017,2114,434,2.9e-6,10.11,25.2,0.031,-5.21,-6.03,0,0.249,1.12,0.842,4.2,357,289,345,2460218.766,434,0.829,1.4
2008 VS4,2017,2114,300,5.9e-7,8.31,24.1,0.051,-5.44,-6.6,0,0.399,1.76,1.06,1.08,190,222,123,2459907.514,855,0.421,2.47
2009 VZ39,2017,2114,924,7.1e-6,6.33,27.9,0.009,-6.22,-7.61,0,0.38,1.48,0.916,2.49,52.6,40.8,340,2455182.587,655,0.549,2.04
2014 JT79,2017,2114,861,1e-6,12.02,26.6,0.016,-6.23,-7.31,0,0.588,1.94,0.8,1.77,252,251,21.5,2456720.543,987,0.365,3.08
2008 VL,2017,2114,615,1.3e-5,9.68,27.9,0.009,-6.33,-7.46,0,0.618,2.42,0.926,2.68,217,143,7.97,2454742.027,1380,0.262,3.92
2010 WW8,2017,2114,92,5.7e-7,4.45,26.9,0.015,-7.02,-7.73,0,0.313,1.47,1.01,1.78,252,178,358,2455533.267,652,0.552,1.93
2008 EM68,2017,2115,1144,1.3e-5,14.54,27.8,0.01,-5.31,-5.65,0,0.572,1.53,0.653,4.72,351,266,332,2454586.893,689,0.523,2.4
2015 HW182,2017,2115,174,5.7e-8,10.76,25.2,0.031,-6.69,-7.17,0,0.247,1.35,1.01,3.81,195,286,58.7,2457037.647,570,0.632,1.68
2012 BP123,2017,2115,228,5.9e-7,4.6,27.1,0.013,-7.24,-8.11,0,0.156,1.12,0.947,2.59,149,273,53.8,2455893.636,434,0.829,1.3
2008 EK68,2017,2115,315,5e-6,7.43,29.8,0.004,-7.6,-8.87,0,0.397,1.48,0.895,3.96,344,129,21.8,2454490.477,661,0.545,2.07
2005 ED224,2018,2064,6,3e-6,25.24,24,0.054,-3.74,-4.07,0,0.66,1.91,0.65,31.9,171,277,19.8,2453392.313,965,0.373,3.17
2014 MV67,2018,2074,6,1.8e-9,12.89,19,0.541,-4.79,-5.01,0,0.283,2.21,1.58,3.84,146,207,232,2460629.145,1200,0.3,2.84
2016 JT38,2018,2088,32,6e-9,13.43,21,0.212,-5.41,-5.89,0,0.651,2.33,0.814,0.904,236,88.5,333,2457610.841,1300,0.277,3.84
2008 JD33,2018,2106,133,1.1e-7,5.07,27.9,0.01,-7.87,-8.77,0,0.354,1.56,1.01,3,67.8,137,13.6,2454574.808,709,0.508,2.11
2005 NX55,2018,2107,72,2.2e-8,25.14,21.9,0.142,-5.17,-5.85,0,0.615,1.62,0.623,27.3,106,276,331,2453624.673,751,0.479,2.61
2008 UY91,2018,2107,36,2.1e-8,16.2,24.6,0.041,-6.95,-7.74,0,0.906,7.31,0.688,32.4,214,264,357,2454821.41,7230,0.0498,13.9
2014 OY391,2018,2112,128,8.8e-7,14.81,26,0.022,-5.88,-6.43,0,0.611,2.19,0.852,0.583,348,249,15.5,2456814.448,1180,0.304,3.53
2010 JA43,2018,2113,96,8.4e-8,15.13,21.6,0.159,-4.95,-5.53,0,0.504,2.24,1.11,42.7,293,247,8.2,2460172.544,1230,0.293,3.37
2015 HS182,2018,2113,122,5.9e-8,7.56,25.8,0.024,-7.31,-8.3,0,0.549,1.77,0.798,1.6,306,352,330,2457203.919,860,0.419,2.74
2011 CF66,2018,2114,808,1.5e-5,12.52,27.8,0.01,-6.04,-7.18,0,0.311,1.02,0.702,0.957,340,274,286,2455682.904,375,0.959,1.33
2016 AZ193,2018,2114,398,2.3e-6,6.73,26.6,0.016,-6.27,-7.16,0,0.228,0.935,0.721,0.384,129,201,108,2457291.141,330,1.09,1.15
2016 JO38,2018,2115,466,9.6e-7,7.41,24.8,0.037,-5.61,-6.27,0,0.345,1.43,0.937,1.7,4.77,312,305,2457605.979,624,0.577,1.92
2014 HD198,2018,2115,78,8.1e-6,17.54,29.6,0.004,-6.46,-6.58,0,0.643,2.11,0.755,0.982,220,69.1,344,2456822.425,1120,0.321,3.47
2006 QV89,2019,2041,12,7.6e-5,5.16,25.3,0.03,-3.35,-3.35,0,0.225,1.19,0.925,1.07,166,237,349,2460215.694,476,0.756,1.46
2008 VB4,2019,2103,22,1.5e-7,11.84,28.3,0.007,-7.72,-8.03,0,0.619,2.36,0.9,0.057,189,171,8.65,2454744.66,1320,0.272,3.82
2008 UV99,2019,2111,32,1.6e-7,15.6,19.6,0.399,-3.44,-3.55,0,0.318,1.38,0.944,10.4,323,161,357,2460204.751,595,0.605,1.82
2010 DJ77,2019,2113,53,6.2e-8,17.04,21.1,0.2,-4.45,-5.24,0,0.211,0.955,0.753,24.7,287,104,305,2460252.729,341,1.06,1.16
2014 ML67,2019,2113,33,7e-7,21.18,24.2,0.05,-4.98,-5.21,0,0.719,2.3,0.649,1.84,303,59,346,2456889.463,1280,0.282,3.96
2004 ME6,2019,2113,51,1.6e-7,11.77,22.6,0.1,-5.41,-6.06,0,0.583,2.41,1.01,9.54,112,210,347,2453233.702,1370,0.264,3.81
2007 FT3,2019,2114,138,1.1e-6,17.05,20,0.34,-3.08,-3.67,0,0.308,1.13,0.782,26.9,9.89,277,298,2454256.08,439,0.821,1.48
2014 MA68,2019,2115,454,2e-5,4.95,25.9,0.022,-5.16,-6.03,0,0.354,1.54,0.993,1.47,58.9,179,320,2460278.502,695,0.518,2.08
2016 RP41,2019,2115,62,4.1e-8,8.46,22.5,0.11,-5.65,-6.15,0,0.331,1.93,1.29,4.27,319,44.2,356,2457656.504,978,0.368,2.57
2012 BL14,2019,2115,520,1.7e-5,19.82,28.2,0.008,-5.71,-6.14,0,0.654,1.73,0.597,6.84,120,270,21.1,2455898.963,828,0.435,2.85
2014 HN198,2019,2115,170,1.2e-7,9.65,25.7,0.024,-7.01,-7.77,0,0.577,2.06,0.87,2.59,305,201,20.1,2456717.378,1080,0.334,3.25
2016 NL56,2019,2116,225,1.3e-6,13.07,21.4,0.188,-3.04,-3.37,0,0.545,1.41,0.64,4.6,341,87.4,34.5,2460142.085,609,0.591,2.17
2001 YN2,2020,2020,1,1.4e-9,18.49,24.9,0.035,-7.65,-7.65,0,0.715,2.51,0.714,1.63,82.6,290,12.7,2452217.293,1450,0.248,4.3
2001 UO,2020,2020,1,6.2e-10,16.28,24.1,0.051,-7.65,-7.65,0,0.674,2.55,0.832,10.1,24.1,300,10.3,2452157.134,1480,0.242,4.26
2008 VM,2020,2031,3,3.6e-5,10.26,30.2,0.003,-6.49,-6.49,0,0.393,1.33,0.81,4.09,42,69.2,327,2454824.703,563,0.639,1.86
2001 CA21,2020,2077,6,6.5e-9,30.68,18.5,0.679,-3.98,-4.25,0,0.775,1.66,0.374,4.96,46.7,219,336,2451995.14,783,0.459,2.95
2016 JP38,2020,2087,28,1.8e-8,10.02,24.4,0.044,-6.74,-7.08,0,0.298,1.79,1.26,1.64,244,325,0.688,2457495.827,876,0.411,2.32
2008 YD3,2020,2104,45,1.9e-7,8.46,26,0.021,-7.07,-7.55,0,0.541,2.27,1.04,0.303,134,316,0.807,2454819.704,1250,0.289,3.5
2010 UJ,2020,2108,103,6.1e-6,2.84,26.2,0.019,-5.74,-6.16,0,0.0989,0.94,0.847,0.354,127,77.2,181,2455652.674,333,1.08,1.03
2010 AU118,2020,2112,38,1.8e-8,25.22,16.2,1.9,-2.73,-3.16,0,0.429,2.35,1.34,42.7,46,11.4,50,2455029.348,1310,0.274,3.35
2009 TB,2020,2112,35,7.1e-6,10.84,29.2,0.005,-6.35,-6.91,0,0.66,2.56,0.871,8.2,7.99,312,8.27,2455072.054,1500,0.24,4.26
2016 WN55,2020,2113,48,4.8e-6,0.34,25.6,0.028,-4.06,-4.33,0,0.017,0.983,0.967,0.495,330,195,254,2457816.206,356,1.01,1
2012 BK14,2020,2113,663,4.9e-5,3.67,28,0.009,-5.81,-6.88,0,0.188,0.981,0.796,1.48,119,254,86.5,2455862.3,355,1.01,1.17
2012 TC4,2020,2114,79,8.5e-5,6.51,26.7,0.015,-4.74,-5.81,0,0.404,1.62,0.966,0.535,19.7,26.5,302,2460321.42,753,0.478,2.27
2007 YM,2020,2114,239,4.4e-6,7.69,26.3,0.019,-5.91,-6.91,0,0.617,2.59,0.989,0.992,59.7,11.2,2.62,2454440.458,1520,0.237,4.18
2015 HQ182,2020,2114,216,1.6e-7,6.9,24.9,0.035,-6.65,-7.29,0,0.23,1.14,0.877,4.85,233,134,179,2459979.694,444,0.811,1.4
2010 XN69,2020,2115,147,7.3e-5,6.63,26.3,0.019,-4.89,-6.01,0,0.5,1.91,0.956,2,99.2,21.6,348,2455577.474,965,0.373,2.87
2015 YV20,2020,2115,130,2.6e-7,5.94,22.4,0.113,-5.21,-5.81,0,0.24,1.26,0.954,7.92,49,137,111,2460042.229,514,0.701,1.56
2010 LJ68,2020,2115,39,3.5e-7,9.69,22.9,0.089,-5.37,-6.07,0,0.453,1.77,0.967,17.1,164,37,19.7,2455315.477,859,0.419,2.57
2015 HO182,2020,2115,49,4.8e-8,9.63,27,0.013,-8.06,-8.71,0,0.617,2.66,1.02,1.65,315,207,9.63,2457090.063,1590,0.227,4.31
2017 AA21,2020,2116,210,4.3e-6,7.71,26,0.021,-5.54,-5.85,0,0.478,1.92,1,2.33,331,174,346,2457794.478,973,0.37,2.84
2016 VA18,2020,2116,521,3.8e-6,7.47,28.3,0.007,-6.78,-7.38,0,0.307,1.13,0.786,4.51,39.2,278,52.4,2457634.316,441,0.816,1.48
2016 QY84,2020,2116,703,3.6e-5,3.15,31.6,0.002,-7.41,-8.32,0,0.155,1.16,0.982,1.94,162,128,33.9,2457586.419,458,0.786,1.34
2017 AE21,2020,2117,90,3.2e-6,4.97,25,0.034,-4.87,-5.42,0,0.179,1.1,0.903,3.06,247,125,75.9,2457668.683,421,0.855,1.3
2017 AY20,2021,2021,1,1.5e-10,19.78,20.1,0.33,-6.22,-6.22,0,0.334,1.86,1.24,17.6,341,214,303,2457904.951,927,0.388,2.48
2008 UM1,2021,2079,5,5e-7,19.03,31.6,0.002,-8.39,-8.41,0,0.683,2.34,0.742,5.29,209,112,11.5,2454719.656,1310,0.276,3.93
2010 CA55,2021,2087,6,6.3e-8,24.03,22,0.14,-4.64,-4.73,0,0.713,2.34,0.671,55,107,303,18.7,2455177.644,1310,0.276,4
2010 XQ,2021,2112,60,1.9e-7,9.82,25.2,0.031,-6.71,-7.31,0,0.629,2.72,1.01,7.2,73.4,12.4,357,2455546.059,1640,0.22,4.42
2015 HM182,2021,2112,81,1e-7,7.25,29,0.005,-8.88,-9.47,0,0.208,1.19,0.945,2.76,221,278,48.6,2457067.32,476,0.757,1.44
2006 CD,2021,2113,56,1.9e-8,11.19,21,0.214,-5.4,-6.34,0,0.457,2.01,1.09,9.09,105,303,24.8,2453696.764,1040,0.345,2.93
2016 PR66,2021,2113,26,2e-8,9.88,23.3,0.073,-6.45,-6.67,0,0.462,2.21,1.19,5.42,196,69.7,16.6,2457551.251,1200,0.3,3.23
2011 CW46,2021,2113,14,9e-9,16.62,24.7,0.039,-7.51,-7.9,0,0.156,1.05,0.885,30.4,322,77.2,84.6,2455512.264,393,0.917,1.21
2015 MC131,2021,2114,30,5.9e-7,4.53,25.1,0.033,-6.27,-6.5,0,0.41,1.54,0.906,1.09,87.3,257,328,2457257.481,696,0.517,2.17
2014 JV79,2021,2114,164,2.9e-7,11.17,25.2,0.031,-6.29,-7.12,0,0.136,1.08,0.933,16.4,233,114,254,2456904.326,410,0.878,1.23
2010 XP,2021,2114,63,9e-8,8.96,26.7,0.016,-7.63,-8.03,0,0.523,2.2,1.05,1.15,82.4,353,358,2455538.263,1190,0.302,3.35
2010 HP20,2021,2115,564,4.1e-5,7.66,28.2,0.008,-5.98,-7.46,0,0.535,2,0.927,7.72,209,321,10.8,2455275.533,1030,0.349,3.07
2016 JG38,2021,2115,119,6.2e-8,17.18,24.2,0.05,-6.42,-7.39,0,0.455,1.6,0.87,3.71,29.6,288,189,2460549.65,736,0.489,2.32
2009 JF1,2022,2022,1,2.4e-4,23.92,27.1,0.013,-3.43,-3.43,0,0.738,1.89,0.496,6.16,45.5,281,166,2459762.614,952,0.378,3.29
2010 CA,2022,2022,1,2.5e-9,14.7,24.4,0.044,-7.32,-7.32,0,0.46,1.32,0.712,9.9,135,93.2,313,2460273.023,553,0.651,1.92
2014 NJ65,2022,2041,4,7.3e-10,8.57,19.3,0.461,-5.82,-5.95,0,0.27,1.97,1.44,17.9,291,260,201,2460644.546,1010,0.357,2.5
2007 SN6,2022,2059,2,6e-8,18.34,25,0.033,-6.88,-7,0,0.69,2.36,0.73,4.76,357,286,13.7,2454317.156,1320,0.273,3.98
2015 BS516,2022,2103,30,2e-8,13.04,19.9,0.36,-4.81,-5.22,0,0.496,2.58,1.3,25.6,1.66,97.2,59.6,2459950.575,1510,0.239,3.85
2009 FG,2022,2103,31,8e-6,9.12,25.5,0.027,-5.47,-5.91,0,0.531,1.97,0.925,0.0344,42.6,82,16.6,2454865.984,1010,0.356,3.02
2011 KF36,2022,2106,8,1.2e-9,22.32,20.4,0.28,-5.9,-6.46,0,0.65,2.12,0.743,25.7,214,80.1,343,2455765.87,1130,0.319,3.5
2003 UM3,2022,2112,82,1.6e-6,13.82,28.1,0.008,-7.16,-7.94,0,0.441,1.37,0.767,1.52,17.7,285,35.6,2452872.408,587,0.613,1.98
2007 KO4,2022,2114,248,4.2e-6,13.71,23.3,0.075,-4.43,-5.14,0,0.162,1.1,0.925,25.2,61.2,299,254,2454369.222,423,0.851,1.28
2010 VO139,2022,2114,192,1.6e-6,20.58,26.6,0.016,-6.22,-7.37,0,0.702,2.06,0.615,7.69,231,91.2,16.5,2455464.886,1080,0.333,3.5
2009 JE1,2022,2114,10,7.3e-8,6.03,27.2,0.012,-8.23,-8.62,0,0.297,1.37,0.965,8.1,46.2,223,335,2454995.896,588,0.612,1.78
2006 GU2,2022,2115,61,1.7e-5,7.3,27.8,0.009,-6.44,-7.09,0,0.256,1.08,0.803,3.38,197,266,256,2460318.694,410,0.879,1.36
2014 HJ198,2022,2115,114,6.4e-7,21.89,26.8,0.015,-6.8,-7.7,0,0.742,2.15,0.556,6.06,215,263,16.1,2456721.877,1160,0.312,3.75
2017 AR20,2023,2023,1,1.3e-10,18.52,21.3,0.19,-7.02,-7.02,0,0.518,3.11,1.5,16.1,174,267,3.35,2457743.907,2000,0.18,4.72
2008 TE,2023,2047,3,5.1e-5,11.84,27.7,0.01,-4.79,-4.79,0,0.451,1.52,0.831,0.305,1.16,297,28.5,2454688.455,682,0.528,2.2
2011 DX4,2023,2108,22,5.1e-8,17.65,26.5,0.017,-7.75,-8.15,0,0.66,1.97,0.67,1.04,324,107,17.9,2455567.335,1010,0.356,3.27
2010 DG77,2023,2111,144,1.5e-6,2.39,24.5,0.044,-5.54,-6.23,0,0.65,2.74,0.959,16.7,290,196,5.05,2455223.218,1660,0.217,4.52
2007 VD8,2023,2112,53,3.8e-7,12.62,27.7,0.01,-7.61,-8.39,0,0.594,2.3,0.933,3.15,43.6,319,8.75,2454378.597,1270,0.283,3.66
2016 LP10,2023,2115,32,1.1e-4,15.59,29.5,0.004,-5.55,-5.66,0,0.622,2.08,0.787,0.669,79.3,245,345,2457592.941,1100,0.328,3.38
1991 BA,2023,2115,46,1.1e-5,17.23,28.7,0.006,-6.03,-6.14,0,0.673,2.19,0.715,1.94,119,70.7,347,2448317.754,1180,0.304,3.66
2011 BH40,2023,2115,63,1.3e-7,5.31,25.1,0.032,-6.8,-7.47,0,0.548,1.41,0.637,5.54,118,112,321,2455655.345,612,0.589,2.18
2012 CS46,2023,2115,81,1.2e-7,6.26,27.8,0.009,-8.18,-8.86,0,0.278,1.27,0.914,0.492,218,349,7.18,2460190.126,520,0.692,1.62
2005 WN3,2024,2024,1,1.1e-9,18.17,29.9,0.004,-10.34,-10.3,0,0.726,2.49,0.682,0.484,243,256,349,2453742.951,1430,0.251,4.29
2005 BS1,2024,2041,3,5.1e-7,12.36,27.3,0.012,-6.85,-7.05,0,0.568,1.97,0.851,2.65,114,308,14.4,2453347.93,1010,0.356,3.09
2016 NP56,2024,2068,8,5.1e-6,2.14,26.2,0.019,-6.05,-6.11,0,0.0475,1.03,0.986,4.54,118,273,261,2457684.248,385,0.936,1.08
2015 FA345,2024,2102,23,1.5e-7,9.5,24.1,0.052,-6.19,-6.44,0,0.581,2.36,0.99,4.7,358,157,7.21,2457077.937,1330,0.271,3.74
2017 AB21,2024,2110,25,5.6e-9,10.69,20.7,0.243,-5.8,-6.42,0,0.802,3.21,0.637,12.9,42.6,301,22.5,2457625.754,2100,0.171,5.79
2015 KA158,2024,2113,41,3.3e-8,14,26.6,0.016,-7.89,-8.55,0,0.554,2.03,0.907,2.52,251,282,18.9,2457108.973,1060,0.34,3.16
2010 KJ37,2024,2114,47,1.9e-7,6.61,23.9,0.055,-5.89,-6.07,0,0.0895,1.13,1.03,10.8,236,86.7,331,2460236.26,437,0.824,1.23
2016 JL38,2024,2115,110,5.7e-7,2.88,26.2,0.02,-6.71,-7.42,0,0.296,1.04,0.732,4.66,220,237,74.1,2460120.888,387,0.93,1.35
2012 CR,2025,2025,1,1.5e-10,14.21,21,0.21,-7.12,-7.12,0,0.385,1.78,1.1,2.19,157,33.9,341,2456005.347,870,0.414,2.47
2009 VA,2025,2048,16,2.2e-5,8.24,28.6,0.006,-5.81,-5.84,0,0.357,1.43,0.918,7.54,225,224,339,2455177.949,623,0.578,1.94
2012 BA77,2025,2088,23,3.6e-5,12.72,25.8,0.023,-4.61,-5.13,0,0.632,2.36,0.869,1.18,197,228,12.1,2455906.939,1320,0.272,3.85
2011 FA23,2025,2102,6,4.1e-6,14.34,28.9,0.006,-7.21,-7.33,0,0.591,2.05,0.839,2.16,191,55.6,347,2455691.536,1070,0.336,3.26
2014 HM199,2025,2104,2,4.9e-10,10.54,23.7,0.063,-8.15,-8.18,0,0.408,2.04,1.21,4.58,15,174,14.6,2456737.345,1060,0.339,2.87
2010 LF64,2025,2105,6,6.7e-9,5.12,23,0.086,-7.08,-7.23,0,0.641,3.76,1.35,29.1,9.29,214,360,2455353.155,2660,0.135,6.17
2011 AD3,2025,2115,65,1.8e-7,12.5,26.5,0.017,-7.57,-8.63,0,0.683,2.84,0.901,1.52,298,118,7,2455531.464,1750,0.206,4.78
2013 TP4,2026,2026,1,6.2e-5,25.3,27.5,0.011,-4.36,-4.36,0,0.76,1.88,0.451,6.32,189,73.4,19.6,2456520.089,943,0.382,3.31
2014 JU79,2026,2101,12,7.4e-9,6.25,23,0.083,-7.12,-7.69,0,0.239,1.21,0.922,5.96,357,54.8,177,2456544.012,487,0.74,1.5
2011 AZ36,2026,2114,144,3e-7,7.4,25.1,0.032,-6.78,-8.11,0,0.467,2,1.07,1.31,246,208,6.29,2455556.439,1030,0.348,2.94
2007 KE4,2026,2115,4,3e-6,10.09,25.2,0.031,-5.24,-5.33,0,0.574,2.39,1.02,9.37,65.1,194,356,2454259.413,1350,0.266,3.77
2010 XB,2027,2029,2,2.5e-7,19.67,29.6,0.004,-8,-8.25,0,0.653,1.78,0.616,1.49,248,92.6,165,2459805.04,864,0.417,2.93
1998 DK36,2027,2100,17,5.6e-7,6.19,25,0.034,-6.45,-6.48,0,0.416,0.692,0.404,2.02,151,180,183,2450971.788,210,1.71,0.98
2013 JA17,2027,2111,7,5.5e-9,9.72,19.1,0.51,-5.26,-5.37,0,0.362,1.92,1.23,3.57,64.8,310,199,2460636.754,975,0.369,2.62
2008 JL3,2027,2113,22,8.5e-5,8.42,25.3,0.029,-3.72,-3.73,0,0.547,2.15,0.976,0.892,40.4,156,312,2460354.463,1150,0.312,3.33
2010 WC9,2027,2115,16,4.5e-6,12.69,23.4,0.07,-4.01,-4.03,0,0.284,1.07,0.765,17.7,54.6,276,232,2460343.907,404,0.892,1.37
2016 VZ17,2027,2116,141,1.1e-6,9.71,27.3,0.012,-7.06,-7.89,0,0.519,1.93,0.929,0.917,10.5,352,11.6,2457666.061,980,0.367,2.93
2011 YC40,2028,2050,6,1.4e-6,10.94,29.7,0.004,-7.69,-7.84,0,0.42,1.44,0.833,6.44,96.1,299,26.5,2455879.162,629,0.572,2.04
2014 HE197,2028,2098,28,7.5e-9,16.56,25.5,0.026,-8.15,-9.13,0,0.578,2.12,0.894,3.17,185,102,340,2456834.282,1130,0.32,3.34
2013 GM3,2028,2114,159,1.5e-4,7.14,26.2,0.019,-4.61,-5.32,0,0.287,0.836,0.596,0.012,338,11,101,2460122.535,279,1.29,1.08
2016 DA31,2028,2116,184,1.3e-4,13.6,29.9,0.004,-6.1,-6.61,0,0.45,1.27,0.699,0.0224,339,268,321,2457503.714,523,0.689,1.84
2010 RK53,2029,2029,1,1.8e-8,8.23,27.8,0.009,-8.65,-8.65,0,0.314,1.35,0.924,6.1,346,311,28.9,2455407.563,571,0.63,1.77
2017 BL30,2029,2052,9,3.8e-4,7.16,23.3,0.073,-2.17,-2.17,0,0.238,1.13,0.863,2.85,311,283,97.1,2460081.636,441,0.817,1.4
2005 UL6,2029,2072,5,4.2e-7,12.02,24.5,0.042,-6.15,-6.51,0,0.614,2.53,0.978,0.283,272,84.2,10.2,2453639.831,1470,0.244,4.09
2015 DQ224,2029,2089,91,6.8e-5,14.59,29.4,0.005,-5.98,-6.73,0,0.527,0.779,0.369,11,149,215,96,2457005.483,251,1.43,1.19
2005 WG57,2029,2105,6,5.5e-7,9.88,23.6,0.063,-5.76,-6.18,0,0.493,1.8,0.912,0.427,162,212,154,2459823.47,880,0.409,2.68
2011 BA60,2029,2106,14,8.7e-9,14.69,22,0.137,-6.17,-6.43,0,0.545,1.94,0.883,11,119,34.2,351,2455616.187,986,0.365,2.99
2010 MZ112,2029,2110,186,8.6e-6,1.54,25.5,0.028,-5.25,-6.43,0,0.521,1.23,0.588,23.6,321,50.9,307,2455444.727,496,0.725,1.87
2016 PA79,2029,2116,13,1.4e-8,10.42,24.2,0.05,-7.5,-8.11,0,0.561,2.67,1.17,1.04,1.36,323,360,2457611.444,1590,0.226,4.16
2005 QK76,2030,2083,7,7.7e-5,19.66,25.2,0.031,-3.54,-3.72,0,0.518,1.4,0.674,22.9,338,266,36.2,2453552.809,603,0.597,2.12
2008 CT1,2030,2115,163,5e-5,13.67,27.6,0.01,-5.62,-6.08,0,0.456,0.891,0.484,0.371,138,126,280,2454568.456,307,1.17,1.3
2016 VF18,2031,2082,7,7.7e-6,10.09,29.8,0.004,-7.53,-7.57,0,0.681,2.78,0.886,0.765,230,136,6.44,2457673.256,1690,0.213,4.67
2008 WJ14,2031,2087,7,4e-9,10.58,26.6,0.017,-8.94,-9.4,0,0.725,3.8,1.05,11,237,179,0.276,2454789.43,2700,0.133,6.55
2006 DM63,2031,2088,22,1.2e-4,10.37,26.7,0.015,-4.39,-4.67,0,0.497,0.696,0.35,1.78,336,17.4,140,2453711.912,212,1.7,1.04
2005 TH50,2031,2101,25,2.7e-5,4.88,28,0.009,-6.04,-6.4,0,0.226,0.837,0.648,0.734,197,18.1,155,2453535.053,280,1.29,1.03
2012 VJ38,2031,2110,16,1.1e-4,4.45,28.5,0.007,-5.95,-6.03,0,0.286,1.36,0.97,0.386,52.5,24.4,288,2460316.776,578,0.622,1.75
2011 BP40,2031,2111,21,1.7e-7,3.39,25.4,0.028,-7.03,-7.57,0,0.154,1.12,0.95,0.914,165,236,74.8,2455503.189,435,0.828,1.3
2011 ES4,2031,2112,48,2.9e-5,7.75,25.7,0.025,-5.01,-5.39,0,0.243,1.1,0.829,3.37,340,275,287,2460285.124,419,0.859,1.36
2007 UO6,2031,2113,11,2.3e-5,11.68,27.3,0.011,-5.39,-5.65,0,0.6,2.27,0.911,2.39,23.6,320,9.76,2454361.526,1250,0.287,3.64
2009 WR52,2031,2113,51,1.1e-4,5.42,28.3,0.007,-5.75,-6.03,0,0.155,1.03,0.873,4.24,61,270,121,2460071.232,384,0.938,1.19
2012 SY49,2031,2114,19,1.5e-5,15.65,25.8,0.023,-5.01,-5.27,0,0.557,1.53,0.677,1.19,5.91,84.4,263,2460386.648,689,0.522,2.38
2011 CF22,2031,2115,171,5.4e-5,18.81,30.9,0.002,-6.91,-7.73,0,0.675,1.96,0.635,1.07,138,276,16.7,2455553.225,999,0.36,3.28
2010 UE,2032,2044,2,1.1e-7,16.09,29.6,0.004,-8.66,-8.86,0,0.692,2.52,0.777,3.04,22.9,297,9.96,2455446.019,1460,0.246,4.27
2017 AF21,2032,2108,12,1.9e-8,8.2,25.1,0.033,-7.73,-8.36,0,0.37,1.8,1.13,2.48,204,243,284,2460387.138,883,0.408,2.47
2009 XR1,2032,2110,13,1.7e-7,6.01,29.3,0.005,-8.85,-9.27,0,0.407,1.63,0.965,0.473,258,208,349,2455199.69,760,0.474,2.29
2011 EB74,2032,2115,328,3.2e-4,7.55,26.9,0.014,-4.51,-5.45,0,0.176,0.933,0.769,10.6,356,301,255,2455731.296,329,1.09,1.1
2015 BY3,2033,2080,7,8e-7,16.56,27.5,0.011,-7.01,-7.47,0,0.553,1.42,0.635,2.91,289,92.9,75.7,2460070.746,617,0.583,2.2
2001 BA16,2033,2111,6,9.8e-6,4.9,25.8,0.023,-5.33,-5.38,0,0.137,0.94,0.811,5.77,115,243,48,2460156.086,333,1.08,1.07
2010 MA113,2033,2114,469,5.2e-6,3.06,23.4,0.078,-4.47,-5.35,0,0.668,2.69,0.894,41,310,25.9,347,2460258.258,1610,0.223,4.49
2011 CU46,2033,2115,420,1.8e-5,16.18,25.4,0.028,-4.91,-5.96,0,0.536,1.41,0.653,8.08,140,270,32.3,2455548.732,610,0.59,2.16
2011 YC63,2034,2039,2,2.9e-6,18.84,29,0.005,-6.83,-6.83,0,0.596,1.53,0.619,10.4,98.3,270,26.8,2455875.983,693,0.519,2.45
2015 BW516,2034,2081,8,4.3e-5,11.41,27.7,0.01,-5.54,-5.66,0,0.559,2.03,0.897,1.94,311,222,347,2457084.527,1060,0.34,3.17
2014 FE,2034,2081,11,3.1e-6,19.86,27.6,0.01,-6.31,-6.54,0,0.689,1.92,0.597,2.2,359,88.7,19.4,2456687.154,973,0.37,3.25
2008 CC71,2034,2082,23,1.2e-4,8.1,24.9,0.036,-3.95,-4.01,0,0.368,1.45,0.918,1.87,339,222,333,2454556.574,638,0.564,1.98
2010 VQ,2034,2114,56,1.3e-4,4.58,27.7,0.01,-5.24,-5.69,0,0.198,0.861,0.691,0.348,27.3,199,203,2460327.519,292,1.23,1.03
2011 AZ22,2034,2114,9,9.3e-7,12.52,28.6,0.006,-7.58,-7.7,0,0.576,2.05,0.87,7.37,110,312,11.7,2455537.602,1070,0.336,3.23
2011 SR52,2034,2115,4,7.6e-10,13.55,15.6,2.579,-4.35,-4.59,0,0.0776,2.75,2.54,4.01,187,101,298,2460488.401,1660,0.216,2.96
2010 KV7,2034,2115,56,3.9e-5,5.37,26,0.021,-4.96,-5.32,0,0.219,1.21,0.949,0.314,256,36.9,322,2455386.484,489,0.737,1.48
2012 VE77,2035,2035,1,2.4e-6,15.28,26.4,0.018,-5.77,-5.77,0,0.555,1.64,0.73,8.1,235,254,337,2456296.384,767,0.47,2.55
2004 XB45,2035,2035,1,3.9e-7,17.02,26.3,0.019,-6.48,-6.48,0,0.582,1.55,0.648,3.16,84.8,86.2,227,2460461.42,705,0.51,2.45
2016 AQ164,2035,2035,1,8.2e-8,13.9,29.9,0.004,-8.94,-8.94,0,0.578,1.92,0.809,5.3,290,121,15.7,2457358.361,969,0.372,3.02
2016 EO28,2035,2058,18,5.1e-4,6.98,29.1,0.005,-4.99,-5.02,0,0.306,1.29,0.894,2.43,159,306,85.5,2460073.733,534,0.674,1.68
2014 MR67,2035,2076,2,6.9e-10,9.72,23.7,0.062,-8.3,-8.35,0,0.209,1.21,0.954,26.1,88.7,275,268,2460323.744,484,0.744,1.46
2016 NJ56,2035,2079,10,5.5e-8,4.94,25.1,0.033,-7.16,-7.3,0,0.126,1.22,1.07,3.45,254,356,24,2457543.574,494,0.728,1.38
2007 DX40,2035,2114,34,3.9e-5,15.55,24.6,0.041,-4.08,-4.61,0,0.538,1.54,0.71,0.452,330,274,330,2454213.232,697,0.517,2.37
2005 UA1,2036,2036,1,6.4e-8,14.68,26.4,0.018,-7.38,-7.38,0,0.615,2.12,0.816,0.433,257,71.6,15.5,2453624.886,1130,0.319,3.43
2006 DO62,2036,2079,11,1.8e-6,11.01,28.3,0.007,-7.32,-7.67,0,0.507,1.9,0.938,1.45,335,216,350,2453818.305,959,0.375,2.87
2016 DY30,2036,2105,6,3.2e-7,15.64,30.5,0.003,-9.13,-9.23,0,0.511,1.12,0.547,0.767,157,250,189,2460405.857,432,0.834,1.69
2006 WV29,2036,2110,13,4.2e-6,16.77,26.5,0.017,-6.05,-6.64,0,0.559,1.38,0.609,1.2,75.3,82,327,2454118.234,592,0.608,2.15
2011 CL50,2036,2111,68,4.7e-5,3.51,27.6,0.01,-5.95,-6.85,0,0.146,0.883,0.754,0.191,355,309,240,2460301.482,303,1.19,1.01
1994 GV,2036,2115,53,1.6e-4,8.09,27.5,0.011,-5.14,-5.81,0,0.489,1.86,0.951,0.375,205,325,332,2460273.393,927,0.388,2.77
2014 HJ197,2036,2115,410,1.8e-5,4.51,30.2,0.003,-7.36,-7.9,0,0.168,1.02,0.85,0.83,215,256,84,2456683.519,377,0.955,1.19
2007 WW3,2037,2037,1,1.6e-10,10.28,23.8,0.06,-8.95,-8.95,0,0.66,3.18,1.08,6.44,51.2,344,3.62,2454402.68,2070,0.174,5.28
2009 WQ52,2037,2037,1,3.3e-9,14.76,28.2,0.008,-9.57,-9.57,0,0.661,2.57,0.874,5.78,61.3,49.1,352,2455194.34,1510,0.239,4.27
2014 GC49,2038,2038,1,2.3e-10,17.06,28.6,0.007,-10.84,-10.8,0,0.644,0.735,0.262,6.43,193,208,91.9,2460141.757,230,1.56,1.21
2004 RU109,2038,2053,5,4.3e-7,12.93,26.5,0.017,-6.81,-7.14,0,0.489,1.53,0.782,5.85,171,251,339,2460241.276,693,0.52,2.28
2013 EV27,2038,2070,4,2.5e-5,12.37,27,0.014,-5.19,-5.19,0,0.569,1.98,0.854,4.25,341,127,16,2456315.084,1020,0.353,3.11
2008 GY21,2038,2105,31,2.5e-7,11.1,27.6,0.01,-7.9,-8.32,0,0.38,1.09,0.674,1.55,197,262,341,2460222.41,414,0.87,1.5
2011 WN69,2038,2109,3,3.1e-7,23.03,26.2,0.019,-7.04,-7.27,0,0.78,2.51,0.553,6.04,243,89.5,11.4,2455847.309,1460,0.247,4.48
2014 HN199,2038,2110,14,1.1e-8,18.04,26.4,0.017,-8.34,-8.73,0,0.72,2.69,0.751,3.23,22.5,269,349,2456824.335,1610,0.224,4.62
2008 XU2,2039,2039,1,2.1e-7,9.93,25.6,0.026,-6.69,-6.69,0,0.617,2.45,0.939,2.96,62.4,334,312,2460389.728,1400,0.256,3.97
2014 HE199,2039,2039,1,2.4e-8,14.5,25,0.033,-7.24,-7.24,0,0.632,2.39,0.881,5.26,24.8,125,15.6,2456718.934,1350,0.266,3.91
2016 RQ41,2039,2089,3,1.5e-9,13.11,20,0.33,-6.44,-6.63,0,0.681,2.09,0.666,10.2,146,337,88.4,2459930.028,1100,0.327,3.51
2016 JN38,2039,2114,93,6.5e-6,19.51,29.1,0.005,-6.92,-7.8,0,0.682,1.93,0.612,4.45,42.1,89.6,19.1,2457460.584,977,0.369,3.24
2015 HZ182,2039,2115,8,4.1e-9,14.48,27,0.013,-9.09,-9.28,0,0.395,1.67,1.01,4.43,212,303,22.7,2457081.793,788,0.457,2.33
2017 AT20,2039,2116,297,4.5e-6,7.71,27.1,0.013,-6.57,-7.12,0,0.248,1.05,0.791,4.2,270,93.5,70.3,2457680.425,395,0.912,1.31
2012 WQ3,2040,2040,1,1.9e-9,23.77,25.4,0.028,-8.3,-8.3,0,0.767,2.36,0.549,3.25,52.4,271,13.6,2456203.508,1320,0.273,4.16
2012 UE,2040,2058,6,4.4e-7,13.23,28.4,0.007,-7.78,-8.04,0,0.574,1.9,0.81,1.15,28.1,59.3,343,2456261.453,959,0.376,3
2007 TX22,2040,2086,52,3.4e-5,8.87,28.4,0.007,-6.21,-7.02,0,0.436,1.59,0.899,1.78,20.3,46,341,2454422.963,735,0.49,2.29
2012 CU,2040,2100,4,9.7e-7,10.94,26,0.021,-6.64,-7.05,0,0.506,1.74,0.861,0.311,172,268,30.2,2460129.971,841,0.428,2.63
2007 DC,2040,2108,35,1.1e-5,6.71,27.5,0.011,-6.26,-6.87,0,0.326,1.35,0.913,0.41,175,278,30.7,2454102.461,576,0.625,1.8
2016 CK137,2040,2116,84,1.2e-4,9.86,27.4,0.011,-5.24,-5.91,0,0.346,1.17,0.767,0.794,315,95.4,40.1,2460148.746,464,0.775,1.58
2014 HN197,2041,2041,1,1.1e-10,8.92,21,0.21,-7.85,-7.85,0,0.775,2.85,0.641,4.09,268,171,36,2456596.756,1760,0.205,5.06
2005 GQ33,2041,2099,14,8.5e-9,20.8,23.7,0.063,-7.18,-7.96,0,0.729,2.33,0.631,1.55,73.5,36.6,14,2453416.885,1300,0.277,4.03
2008 EV84,2041,2106,4,5.6e-7,12.94,25.3,0.029,-6.1,-6.1,0,0.609,2.53,0.988,13,350,206,355,2454557.577,1470,0.245,4.07
2014 HY198,2041,2115,234,4.5e-5,6.52,29.6,0.004,-6.84,-7.41,0,0.198,1.1,0.879,2.5,227,74.8,299,2456847.953,419,0.858,1.31
2001 VM5,2042,2042,1,1.4e-8,9.18,24.9,0.036,-7.59,-7.59,0,0.586,2.42,0.999,5.85,232,169,2.45,2452217.171,1370,0.263,3.83
2007 VH189,2042,2045,3,2e-8,18.31,23.4,0.073,-6.45,-6.64,0,0.724,2.63,0.724,5.9,75.5,250,14.4,2454359.172,1550,0.232,4.53
1995 CS,2042,2073,9,7.1e-6,25.43,25.5,0.028,-4.73,-4.75,0,0.772,1.92,0.438,2.59,136,252,17.9,2449706.084,974,0.37,3.41
2015 KW157,2042,2096,6,6.8e-9,9.36,26,0.021,-8.69,-8.97,0,0.678,3.61,1.16,3.71,52.8,162,3.46,2457140.467,2500,0.144,6.05
2010 VW194,2042,2109,27,6.8e-5,7.31,26.5,0.017,-5.15,-5.68,0,0.466,1.82,0.972,2.02,50.8,340,84.5,2459989.662,898,0.401,2.67
2015 YJ,2042,2115,52,0.0018,16.35,28.3,0.007,-4.13,-4.36,0,0.523,1.26,0.603,0.12,264,79.4,202,2460428.131,519,0.694,1.92
2012 BY1,2043,2074,6,3.5e-6,18.2,25.8,0.024,-5.48,-5.59,0,0.675,2.13,0.694,0.477,323,236,345,2455994.397,1140,0.316,3.57
2013 HT14,2043,2077,4,2.3e-6,20.53,26.3,0.019,-6.05,-6.22,0,0.719,2.1,0.588,5.8,30.8,87.7,17.7,2456353.924,1110,0.325,3.6
2001 GP2,2043,2109,29,1.2e-4,2.58,26.9,0.014,-5.08,-5.52,0,0.0723,1.03,0.96,1.29,196,109,347,2460214.882,385,0.936,1.11
2006 SC,2043,2109,8,1.7e-6,12.21,25.2,0.031,-5.97,-6.53,0,0.35,1.11,0.723,10.4,351,265,227,2460359.133,429,0.839,1.5
2016 DK1,2043,2115,33,1.6e-4,6.87,27.3,0.012,-5,-5.47,0,0.331,1.36,0.912,0.767,336,126,295,2460304.938,581,0.62,1.81
2015 KH158,2043,2115,21,7e-8,14.5,26,0.021,-7.61,-8.03,0,0.524,2.02,0.964,4.96,252,42.7,345,2457211.747,1050,0.342,3.08
2017 CH1,2044,2044,1,2.3e-10,18.19,17.9,0.9,-5.76,-5.76,0,0.578,2.32,0.981,28.1,74.4,154,294,2460436.234,1290,0.278,3.67
2013 RO30,2044,2093,8,9.5e-5,9.26,28.4,0.007,-5.91,-6.03,0,0.487,1.92,0.984,8.35,162,157,284,2460406.533,971,0.371,2.85
2003 WT153,2044,2103,39,1.7e-5,4.41,28.1,0.008,-6.57,-6.77,0,0.178,0.893,0.734,0.37,56.4,148,43.9,2460162.912,308,1.17,1.05
2011 AM37,2044,2114,120,0.001,3.65,29.7,0.004,-5.43,-5.83,0,0.147,1.1,0.938,2.63,291,129,28.8,2460166.822,422,0.854,1.26
2011 AY22,2044,2115,31,2.6e-5,12.98,27.1,0.013,-5.78,-6.5,0,0.601,2.13,0.848,0.464,308,218,347,2455611.864,1130,0.318,3.41
2006 HX57,2045,2065,2,3.2e-6,10.53,25.2,0.031,-5.62,-5.63,0,0.493,1.8,0.913,0.201,109,162,38.5,2460106.034,883,0.408,2.69
2008 PK9,2045,2066,12,7.8e-7,26.44,23.2,0.078,-4.7,-5.1,0,0.725,1.64,0.451,27.4,318,108,336,2454739.223,765,0.471,2.82
2017 BG92,2045,2110,25,1.9e-5,5.31,28.6,0.006,-6.68,-7.06,0,0.258,1.25,0.929,0.35,337,98.7,294,2460294.759,512,0.704,1.57
2015 KG158,2045,2111,38,2.2e-4,7.69,28.3,0.007,-5.42,-5.48,0,0.277,1.14,0.823,2.23,54.1,97.5,1.14,2460199.092,444,0.812,1.45
2008 KN11,2046,2046,1,1.6e-8,13.83,23.3,0.075,-6.7,-6.7,0,0.529,1.71,0.805,5.27,89.3,246,273,2460397.472,816,0.441,2.61
2003 DW10,2046,2058,2,1.1e-7,7.83,26.1,0.02,-7.45,-7.61,0,0.361,1.45,0.924,2.19,342,221,270,2460358.493,635,0.567,1.97
2011 DU9,2046,2059,4,2.2e-4,8.77,26.7,0.016,-4.35,-4.36,0,0.515,1.94,0.939,3.42,155,328,245,2460515.783,984,0.366,2.93
2010 VN1,2046,2060,4,2.1e-6,10.99,28.3,0.007,-7.18,-7.33,0,0.466,1.63,0.871,3.36,40.6,307,81.3,2460028.695,760,0.473,2.39
2009 HW67,2046,2079,5,2.1e-6,22.63,26.1,0.02,-5.93,-6.23,0,0.751,2.05,0.51,2.35,216,260,17.1,2454899.596,1070,0.336,3.59
2009 VT1,2046,2081,3,2.6e-6,6.97,29.6,0.004,-7.76,-7.85,0,0.503,1.98,0.985,0.27,217,179,346,2460241.284,1020,0.353,2.98
2012 MF7,2046,2092,9,2.2e-4,8.7,26.8,0.015,-4.43,-4.47,0,0.383,1.47,0.909,1.97,90.7,128,121,2459980.874,654,0.55,2.04
2008 UA202,2046,2105,63,7.6e-5,2.3,29.4,0.004,-6.58,-7.35,0,0.0686,1.03,0.962,0.263,21.1,301,124,2460068.375,384,0.938,1.1
2015 VO142,2046,2110,15,3.7e-6,2.82,29,0.005,-7.72,-8.43,0,0.126,1.07,0.939,0.284,95.3,20.4,318,2460248.261,407,0.885,1.21
2008 DB,2046,2113,37,1.8e-5,6.97,25.7,0.025,-5.31,-6,0,0.233,1.05,0.808,4.22,141,275,202,2460373.614,395,0.911,1.3
2012 QD8,2047,2050,2,4.4e-6,20.76,23.1,0.081,-3.99,-4.03,0,0.698,1.91,0.577,5.58,349,87.8,39.3,2460095.15,966,0.373,3.25
2013 WM,2047,2105,2,5.7e-7,35.41,23.9,0.055,-5.18,-5.37,0,0.916,2.08,0.175,4.16,239,40.9,14.8,2456579.435,1100,0.328,3.99
2009 TD17,2047,2113,56,2.4e-5,6.57,27.7,0.01,-6.12,-6.9,0,0.22,1.13,0.879,0.0789,218,83.3,282,2460294.627,437,0.824,1.37
2005 VN5,2047,2114,29,5.7e-5,6.58,27,0.014,-5.41,-5.87,0,0.233,0.945,0.725,2.06,48.3,116,60.1,2460144.413,336,1.07,1.17
2008 ST,2047,2114,25,7e-5,3.24,27.1,0.013,-5.55,-5.83,0,0.126,0.964,0.843,1.91,189,291,186,2460367.54,346,1.04,1.09
2014 WZ365,2047,2114,7,7.8e-8,11,25.7,0.025,-7.45,-7.78,0,0.428,0.789,0.451,1.34,262,321,68,2460152.169,256,1.41,1.13
2010 UH,2047,2115,45,6.7e-5,6.74,27.1,0.013,-5.59,-5.72,0,0.308,1.36,0.943,0.631,295,40.1,28.9,2455444.936,581,0.62,1.78
2017 BO32,2048,2094,56,1.1e-5,8.76,24.6,0.041,-4.96,-5.65,0,0.239,1.14,0.87,11.3,317,74,217,2460377.676,446,0.806,1.42
2014 WA,2049,2049,1,1.4e-6,9.55,28.2,0.008,-7.28,-7.28,0,0.54,2.04,0.941,4.82,53.8,32.1,358,2460206.177,1070,0.337,3.15
2002 CB19,2049,2049,1,1.9e-8,15.73,24.8,0.038,-7.31,-7.31,0,0.452,1.28,0.703,17.1,318,88.8,347,2460220.174,531,0.678,1.86
2008 KO,2049,2052,2,1.4e-6,23.49,24.4,0.045,-5.09,-5.38,0,0.738,2.16,0.565,14.7,73.3,270,344,2454665.575,1160,0.311,3.75
2009 WJ6,2049,2056,2,1.8e-8,18.16,27.6,0.01,-8.67,-8.7,0,0.633,1.77,0.648,5.04,238,263,297,2460350.693,858,0.42,2.89
2008 UB7,2049,2100,33,6.6e-5,18.47,23.9,0.057,-3.45,-3.76,0,0.594,1.24,0.501,2.02,220,288,318,2454827.04,502,0.718,1.97
2014 AG51,2049,2110,9,1.8e-6,14.82,30,0.003,-8.06,-8.09,0,0.591,1.88,0.767,0.0922,145,258,292,2460377.454,938,0.384,2.98
2013 HT150,2049,2113,75,1.6e-5,14.34,25.4,0.028,-5.08,-5.62,0,0.539,1.57,0.722,2.78,27.2,76,152,2459898.458,717,0.502,2.41
2010 JL88,2049,2115,87,5.5e-5,14.87,26.8,0.015,-5.18,-5.76,0,0.504,1.43,0.708,0.0942,267,53.3,273,2460350.939,622,0.579,2.14
2008 LD,2049,2115,59,8.9e-5,4.13,28.9,0.006,-6.33,-7.17,0,0.155,0.892,0.754,6.54,251,202,202,2460335.072,307,1.17,1.03
2013 UR1,2050,2050,1,1.7e-6,21.69,27.8,0.009,-6.67,-6.67,0,0.73,2.23,0.601,2.7,30.3,272,14.9,2456542.087,1210,0.296,3.85
2010 DG1,2050,2050,1,1.4e-8,17.96,24.4,0.044,-7.23,-7.23,0,0.652,1.93,0.672,1.52,314,105,21.6,2455187.687,980,0.367,3.19
2013 RR43,2050,2057,2,1.4e-7,18.99,25.4,0.028,-6.7,-6.79,0,0.639,1.76,0.634,2.01,165,93.2,23.4,2456494.212,852,0.423,2.88
2015 EO,2050,2077,6,7.1e-6,14.25,26.6,0.016,-5.9,-6.13,0,0.462,1.3,0.699,4.51,350,271,228,2460398.571,541,0.666,1.9
2008 YC29,2050,2114,28,5.4e-7,10.79,25.4,0.028,-6.78,-7.04,0,0.397,0.864,0.521,3.26,94.2,138,267,2454905.916,293,1.23,1.21
2011 BL45,2050,2115,51,5e-4,1.68,27.2,0.013,-4.7,-4.85,0,0.021,1.04,1.02,3.05,135,155,178,2460009.17,386,0.932,1.06
2015 XR169,2050,2115,122,3.6e-4,9.54,28.8,0.006,-5.32,-5.62,0,0.346,1.22,0.795,0.043,263,253,241,2460361.749,490,0.735,1.64
2006 BC8,2050,2115,24,4.7e-6,13.18,25.1,0.032,-5.56,-6.17,0,0.432,1.23,0.697,6.89,303,91.2,33.7,2460154.028,496,0.725,1.76
2011 EC,2051,2051,1,8.9e-8,6.83,25.6,0.026,-7.34,-7.34,0,0.364,1.51,0.957,1.08,168,33.5,265,2460378.849,675,0.533,2.05
2010 QG2,2051,2064,5,2.1e-6,12.88,24.2,0.048,-5.15,-5.2,0,0.516,1.67,0.807,4.7,343,64.8,356,2460208.936,786,0.458,2.53
2012 LJ,2051,2072,2,3.5e-6,18.69,25.6,0.026,-5.57,-5.6,0,0.699,2.32,0.699,0.688,239,96.5,50.6,2460018.484,1290,0.278,3.95
1994 GK,2051,2073,6,4.8e-5,14.87,24.2,0.048,-3.82,-3.83,0,0.604,1.95,0.772,5.66,15.4,112,17.2,2449403.789,997,0.361,3.13
2011 BG10,2051,2074,4,2.2e-6,12.29,26.3,0.019,-6.13,-6.39,0,0.619,2.49,0.95,3.37,125,37.9,353,2455616.935,1430,0.251,4.03
2016 RD34,2051,2093,25,0.0019,1.14,27.5,0.011,-4.17,-4.51,0,0.0347,1.05,1.01,1.96,350,11,185,2460390.389,391,0.921,1.08
2011 SE58,2052,2055,2,2.3e-8,15.68,27.6,0.01,-8.68,-8.8,0,0.612,1.89,0.736,1.21,5.36,70.8,195,2460637.694,952,0.378,3.05
2015 GB1,2052,2090,4,3.1e-7,7.29,26.6,0.016,-7.42,-7.81,0,0.439,1.75,0.985,2.41,27.6,200,215,2460541.143,848,0.424,2.52
2011 BT59,2052,2091,3,1.1e-7,37.84,20.8,0.24,-4.21,-4.22,0,0.945,2.49,0.137,3.67,36.2,306,92.6,2459830.829,1440,0.25,4.85
2008 YO2,2052,2114,46,5.5e-6,16.48,25.2,0.031,-5.36,-5.9,0,0.588,1.67,0.686,1.42,92.8,78.1,337,2454873.153,786,0.458,2.65
2014 GQ17,2052,2115,83,5.6e-5,5.42,27.1,0.013,-5.55,-6.65,0,0.247,0.854,0.643,0.0914,79.6,330,113,2460109.871,288,1.25,1.06
2005 VP,2053,2094,12,9.3e-8,12.86,25.5,0.027,-7.15,-7.56,0,0.593,2.36,0.96,5.5,223,134,9.98,2453641.863,1320,0.273,3.75
2002 RB182,2053,2110,9,8.8e-7,14.75,22.8,0.092,-5.19,-5.23,0,0.65,2.55,0.89,0.228,166,254,347,2452584.271,1480,0.243,4.2
2015 WN1,2053,2114,74,1.2e-4,8.88,26.5,0.017,-4.9,-5.68,0,0.371,1.41,0.886,0.504,232,125,273,2460348.738,612,0.589,1.93
2007 DS7,2053,2114,19,1.9e-5,12.39,25.8,0.023,-5.27,-5.52,0,0.4,1.18,0.708,8.45,149,271,48.7,2454091.122,468,0.769,1.65
2011 FQ6,2053,2115,28,4.8e-5,10.5,27.7,0.01,-5.8,-5.97,0,0.352,0.98,0.635,5.16,183,246,22,2460178.848,354,1.02,1.32
2012 HG2,2053,2116,318,0.002,3.32,27,0.014,-3.94,-4.37,0,0.182,1.19,0.973,0.114,145,25,313,2460262.713,474,0.76,1.41
2012 ES10,2054,2064,7,1.4e-6,24.36,23.7,0.061,-4.81,-5.13,0,0.757,1.89,0.458,6.82,347,72.9,25,2455940.704,946,0.381,3.31
2016 GS134,2054,2070,2,3.6e-7,11.02,27.9,0.009,-7.84,-8.01,0,0.531,1.87,0.877,0.0886,46.5,95,344,2460240.791,933,0.386,2.86
1996 TC1,2054,2072,4,1.2e-6,24.01,23.9,0.055,-5.08,-5.11,0,0.719,1.86,0.523,14.5,5.01,259,23,2450304.269,926,0.389,3.2
2005 TK50,2054,2106,2,1.5e-7,20.62,28.9,0.006,-8.66,-8.68,0,0.677,2.19,0.706,6.05,16.4,74.5,346,2453697.92,1180,0.305,3.67
2016 BA15,2054,2108,14,1.7e-5,15.88,26.8,0.015,-5.46,-5.57,0,0.551,1.54,0.693,1.44,115,96.9,325,2460269.007,700,0.514,2.39
2011 EM40,2054,2113,16,1.3e-6,10.69,28,0.009,-7.44,-8.01,0,0.371,1.15,0.723,0.556,174,263,99.7,2460075.587,451,0.799,1.58
2013 XT23,2055,2069,2,1e-9,8.42,24.7,0.039,-8.88,-8.94,0,0.5,2.17,1.08,1.8,246,179,5.21,2456621.67,1160,0.309,3.25
2011 TO,2055,2076,5,9.3e-6,8.55,26.3,0.019,-5.73,-5.74,0,0.28,0.927,0.667,2.24,185,57.6,241,2460308.062,326,1.1,1.19
2014 HS197,2055,2100,9,3.4e-7,16.97,29.4,0.004,-8.38,-8.49,0,0.683,2.36,0.746,6.7,213,288,12.6,2456725.222,1320,0.273,3.97
2007 HB15,2055,2112,33,1.5e-4,6.35,27.8,0.01,-5.27,-5.35,0,0.256,1.26,0.934,1.12,33.9,229,208,2460417.424,514,0.7,1.58
2009 BF58,2055,2115,27,5.4e-5,6.68,27.2,0.012,-5.67,-6.07,0,0.378,1.51,0.942,0.984,303,145,328,2460261.701,680,0.529,2.08
2014 LJ,2055,2115,39,1.5e-5,3.61,28.5,0.007,-6.9,-7.82,0,0.141,1.08,0.929,0.905,70.9,97.7,169,2460007.782,411,0.876,1.23
2016 NL39,2055,2116,85,4.4e-4,3.93,27.6,0.01,-4.92,-5.48,0,0.247,1.34,1.01,0.79,282,342,235,2460397.303,568,0.634,1.67
2011 XC2,2056,2056,1,2.5e-6,20.75,23,0.085,-4.3,-4.3,0,0.581,2,0.839,28.8,70.6,307,70.1,2459999.07,1030,0.348,3.16
1999 RZ31,2056,2056,2,1.2e-6,8.2,23.8,0.059,-5.35,-5.42,0,0.601,2.58,1.03,2.97,163,180,1.42,2451427.516,1520,0.237,4.14
2016 CD30,2056,2070,7,5.3e-5,10.53,27.7,0.01,-5.62,-5.66,0,0.497,1.77,0.891,5.86,132,314,17.5,2457385.761,860,0.419,2.65
2016 EV84,2056,2080,3,2.4e-6,7.41,26.8,0.015,-6.69,-6.77,0,0.178,0.866,0.712,13.6,351,16.1,270,2460274.112,295,1.22,1.02
2007 XZ9,2056,2089,3,1.1e-6,13.01,24.8,0.037,-5.89,-5.94,0,0.586,2.04,0.845,3.04,248,126,15.6,2454398.251,1070,0.338,3.24
2011 SO189,2056,2090,12,1e-4,12.98,26.5,0.017,-4.74,-5.15,0,0.567,2,0.865,4.45,2.38,307,15.4,2455791.517,1030,0.349,3.13
1979 XB,2056,2113,5,9.9e-7,23.63,18.6,0.657,-2.75,-3.07,0,0.708,2.23,0.65,24.7,86.1,75.6,346,2444267.667,1210,0.296,3.81
2013 PG10,2056,2113,7,8.3e-6,6.87,27.7,0.01,-6.56,-6.66,0,0.227,1.08,0.834,0.106,3.85,211,80.7,2460108.807,409,0.88,1.32
2012 EP10,2056,2115,39,9.5e-5,2.78,29.2,0.005,-6.45,-6.7,0,0.116,1.05,0.929,1.03,348,106,312,2460252.58,393,0.916,1.17
2011 UL169,2057,2073,6,1.4e-5,9.35,28.3,0.007,-6.45,-6.51,0,0.378,1.46,0.909,6.81,212,133,284,2460335.929,645,0.558,2.01
2017 BY93,2057,2079,6,3.4e-6,19.03,23.1,0.08,-4.29,-4.34,0,0.586,1.3,0.538,4.37,156,103,115,2460027.779,542,0.665,2.06
2015 BE511,2057,2103,5,6.4e-5,9.88,28.7,0.006,-6.08,-6.19,0,0.628,2.61,0.971,0.367,126,333,24.5,2460095.878,1540,0.234,4.25
2009 JL2,2057,2113,10,3.6e-6,12.83,26,0.022,-5.99,-6.45,0,0.472,1.85,0.979,17.9,52.9,205,234,2460522.595,923,0.39,2.73
2014 HK197,2057,2115,16,3.3e-9,18.05,26.7,0.015,-9.28,-10.2,0,0.636,2.25,0.821,5.55,31.6,254,344,2456825.88,1240,0.291,3.69
2009 CZ1,2058,2102,3,1.1e-6,17.81,24.4,0.044,-5.48,-5.63,0,0.661,2.25,0.765,2.2,150,66.3,344,2454921.187,1240,0.291,3.74
2007 UD6,2058,2106,63,9e-5,5.99,28.3,0.007,-5.9,-6.79,0,0.242,1.23,0.933,1.69,206,132,257,2460343.34,499,0.721,1.53
2015 HE183,2058,2110,34,4.5e-6,13.75,28.3,0.008,-6.94,-7.42,0,0.617,2.19,0.838,3.13,213,300,225,2460643.587,1180,0.304,3.54
2009 FJ,2058,2111,5,1.4e-6,8.94,24.9,0.036,-5.86,-5.93,0,0.568,2.2,0.951,0.887,354,151,158,2459674.525,1200,0.301,3.46
2014 SR261,2058,2111,7,5.4e-6,15.27,26.8,0.015,-6.01,-6.08,0,0.585,1.88,0.779,0.387,183,105,21.4,2456874.635,939,0.383,2.98
2011 SM173,2058,2112,10,5.3e-5,14.25,27.8,0.009,-5.5,-5.53,0,0.652,2.49,0.866,0.526,176,237,1.76,2460193.47,1440,0.251,4.12
2012 XB112,2058,2114,18,1.3e-4,4.15,29.8,0.004,-6.35,-6.37,0,0.145,1.03,0.88,1.32,76.9,88.9,44.3,2460153.628,381,0.945,1.18
2009 BR5,2059,2078,3,2.7e-7,18,22.1,0.13,-5.08,-5.15,0,0.659,2.03,0.691,3.84,301,277,341,2454914.068,1050,0.341,3.36
2006 XZ2,2059,2102,4,3.1e-7,9.06,27.1,0.013,-7.68,-7.81,0,0.468,1.71,0.909,0.261,99.2,34.4,179,2459795.393,816,0.441,2.51
2015 SK7,2059,2107,5,7.3e-7,12.18,28.8,0.006,-8.08,-8.41,0,0.62,2.37,0.902,2.38,360,317,73.6,2459927.6,1330,0.27,3.84
2007 FP3,2059,2111,11,2.2e-6,9.65,28.4,0.007,-7.54,-7.86,0,0.404,1.41,0.843,0.237,352,120,30.2,2454128.929,614,0.586,1.98
2013 NE24,2059,2112,13,5.4e-6,10.83,27.4,0.011,-6.61,-6.93,0,0.661,2.79,0.945,0.407,321,289,5.58,2456454.116,1700,0.212,4.63
2008 FF5,2060,2060,1,5.2e-7,39.47,23.1,0.081,-4.68,-4.68,0,0.965,2.27,0.0795,2.62,15.3,19.9,12.5,2454514.214,1250,0.288,4.46
2013 NH6,2060,2060,1,2.6e-8,21.71,23.4,0.073,-6.46,-6.46,0,0.587,1.24,0.514,24.2,98.4,69.9,48.4,2456415.271,507,0.71,1.98
2012 SG58,2060,2060,1,2e-8,15.89,23.1,0.083,-6.59,-6.59,0,0.709,2.84,0.827,6.45,14.8,52.9,351,2456241.168,1750,0.205,4.86
2014 DK10,2060,2060,1,3.6e-8,11.83,27.8,0.01,-8.71,-8.71,0,0.508,1.82,0.896,11.6,153,316,333,2460268.034,898,0.401,2.75
2009 YR,2060,2087,6,8.7e-6,3.12,28,0.009,-6.74,-7.14,0,0.11,0.942,0.838,0.7,87.2,128,247,2460305.09,334,1.08,1.05
99942 Apophis (2004 MN4),2060,2105,12,8.9e-6,5.85,19.1,0.37,-2.83,-2.93,0,0.191,0.923,0.746,3.34,204,127,143,2460072.029,324,1.11,1.1
2006 SR131,2060,2113,38,3.4e-5,8.46,28,0.009,-6.18,-6.98,0,0.338,1.35,0.897,0.633,185,121,309,2460281.901,576,0.625,1.81
2010 NN,2060,2115,29,3.2e-5,7.74,28.3,0.007,-6.3,-6.67,0,0.448,1.78,0.982,2.26,282,332,208,2460566.823,868,0.415,2.58
2006 BO7,2060,2115,3,1.1e-6,9.83,29.3,0.005,-8.07,-8.26,0,0.404,1.44,0.856,0.34,294,248,64.4,2460088.128,629,0.573,2.02
2014 GN1,2061,2061,1,2.1e-5,21.23,24.6,0.041,-4.17,-4.17,0,0.749,2.65,0.665,2.96,193,80.4,56.7,2459951.856,1580,0.228,4.64
2013 UJ5,2061,2061,1,1.1e-7,10.81,28,0.009,-8.37,-8.37,0,0.595,2.32,0.939,0.327,191,162,9.15,2456560.734,1290,0.279,3.7
2015 TL21,2061,2094,3,2.5e-6,15.32,26.4,0.017,-6.21,-6.36,0,0.677,2.6,0.842,0.57,220,98.3,329,2460334.174,1540,0.235,4.37
2008 CJ,2061,2106,2,9.5e-7,8.06,27.3,0.012,-7.5,-7.5,0,0.571,2.39,1.03,2.23,132,2.54,359,2454500.476,1350,0.267,3.75
1993 HP1,2061,2112,9,1.6e-6,9.85,26.9,0.014,-6.87,-7.08,0,0.514,2,0.973,8.02,37.1,152,7.93,2449081.722,1030,0.348,3.03
2013 GW38,2061,2113,13,6.4e-6,10.26,28.5,0.007,-7.05,-7.66,0,0.546,2.01,0.912,2.3,18.1,137,254,2460507.479,1040,0.347,3.1
2009 BE,2061,2114,26,6.5e-4,11.46,26.1,0.02,-3.86,-4.15,0,0.446,1.47,0.815,0.951,126,61.8,30.7,2460144.836,652,0.552,2.13
2006 UQ216,2061,2115,7,3.3e-6,3.73,27.3,0.012,-7.02,-7.22,0,0.163,1.1,0.924,0.474,218,248,146,2460028.727,424,0.85,1.28
2007 VE8,2062,2062,1,2.2e-5,9.05,25.4,0.028,-4.92,-4.92,0,0.586,2.51,1.04,7.21,44,352,2.21,2454403.615,1450,0.248,3.97
2012 HB25,2062,2062,1,6.7e-9,8.95,24.9,0.035,-8.2,-8.2,0,0.595,2.42,0.98,1.51,288,335,359,2460205.582,1380,0.262,3.86
2010 CR5,2062,2075,3,7.6e-8,23.6,19.8,0.372,-4.25,-4.28,0,0.82,3.03,0.546,5.64,323,49.4,23.6,2455114.003,1930,0.187,5.52
2008 EX5,2062,2083,11,2.7e-5,9.92,23.8,0.059,-4.13,-4.43,0,0.391,1.36,0.828,3.38,16.2,66.2,323,2460260.39,580,0.621,1.89
2007 EE126,2062,2092,4,5.7e-8,30.8,25.6,0.025,-7.13,-7.44,0,0.903,3.62,0.35,8.54,170,249,6.48,2454130.234,2510,0.143,6.88
2011 CA7,2062,2092,7,9e-7,8.91,30.3,0.003,-8.67,-8.88,0,0.288,1.08,0.768,0.119,307,283,18.4,2460179.537,410,0.878,1.39
2010 TW149,2062,2113,42,8.6e-6,17.04,25.9,0.023,-5.53,-5.97,0,0.617,1.9,0.726,4.57,196,103,20.4,2455430.429,953,0.378,3.06
2016 CG18,2062,2116,53,1.4e-4,4.25,28.5,0.007,-5.87,-6.13,0,0.0921,0.983,0.892,5.7,317,277,201,2460357.202,356,1.01,1.07
2014 SR223,2063,2063,1,2.2e-6,15.23,26.8,0.015,-6.39,-6.39,0,0.658,2.57,0.876,1.71,186,123,74,2459891.877,1500,0.24,4.26
2008 EA9,2063,2084,9,2.6e-5,1.24,27.7,0.01,-6.24,-6.8,0,0.074,1.05,0.971,0.441,124,344,155,2460031.753,392,0.917,1.13
2012 BG96,2063,2098,9,2.4e-9,8.68,18.9,0.57,-5.9,-6.69,0,0.0738,1.9,1.76,19.1,335,65,232,2460538.582,954,0.377,2.04
2016 JA,2064,2103,10,4.5e-7,7.6,27.5,0.011,-7.8,-8.37,0,0.268,1.01,0.741,0.0465,20.1,91.2,157,2460037.504,373,0.966,1.29
2002 GM5,2064,2113,2,1.3e-7,20.38,21.4,0.179,-4.91,-4.92,0,0.695,2.12,0.647,7.3,14,274,343,2452430.403,1130,0.319,3.6
2012 XK134,2065,2065,1,1.1e-7,4.95,26.4,0.018,-7.84,-7.84,0,0.215,1.19,0.937,0.624,117,265,128,2460031.453,476,0.756,1.45
2010 XU,2065,2065,1,1.5e-10,6.22,25.4,0.029,-10.17,-10.2,0,0.294,1.33,0.939,0.706,324,49.3,146,2459972.855,561,0.642,1.72
2007 RC20,2065,2106,2,3.7e-9,5.12,26.7,0.016,-9.66,-9.7,0,0.198,0.954,0.765,2.87,165,309,258,2454455.107,341,1.06,1.14
2011 DS,2065,2108,13,1.4e-5,6.54,27,0.013,-6.11,-6.36,0,0.229,1.03,0.798,0.277,346,71.4,40.9,2460156.821,385,0.936,1.27
2015 RN35,2065,2111,9,1.2e-5,5.72,23,0.085,-4.24,-4.43,0,0.347,1.47,0.962,0.234,148,270,161,2459907.689,654,0.55,1.99
2008 WO2,2065,2111,10,5.3e-5,6.11,29.8,0.004,-6.93,-7.28,0,0.188,1.02,0.832,2.01,238,85.8,170,2460021.918,379,0.95,1.22
2007 UT3,2065,2115,5,2.8e-7,9.05,25.7,0.024,-7.08,-7.4,0,0.4,0.772,0.463,0.631,161,21.1,232,2454482.427,248,1.45,1.08
2009 ST171,2066,2066,1,1.1e-6,9.83,26.8,0.015,-6.92,-6.92,0,0.608,2.58,1.01,3.74,187,206,355,2455125.784,1520,0.237,4.16
2012 XL55,2066,2066,1,4.9e-8,19.09,27,0.013,-8.08,-8.08,0,0.644,1.72,0.61,2.38,77.2,90.1,338,2456320.639,821,0.439,2.82
2014 KC45,2066,2102,4,1.5e-6,8.92,29.4,0.004,-8.25,-8.28,0,0.395,1.52,0.919,0.04,110,185,328,2460260.853,683,0.527,2.12
2010 TN55,2066,2111,21,2.8e-6,25.37,27,0.014,-6.33,-6.88,0,0.786,2.29,0.49,0.257,36.1,242,13.6,2455435.625,1270,0.284,4.09
2015 FU344,2066,2111,13,1.4e-5,9.92,31,0.002,-7.79,-7.94,0,0.491,1.75,0.892,0.896,176,312,15.4,2457062.303,847,0.425,2.61
2010 UY7,2066,2115,45,2.3e-4,3.87,28.5,0.007,-5.75,-6.19,0,0.15,0.897,0.762,0.457,40.1,210,189,2460347.693,310,1.16,1.03
2012 PB20,2066,2115,8,2.7e-6,4.03,24.9,0.035,-6.02,-6.36,0,0.0948,1.05,0.954,5.84,143,50,207,2460368.607,395,0.911,1.15
2016 SR2,2066,2116,17,5.7e-5,5.95,26.3,0.019,-5.27,-5.48,0,0.205,1.06,0.843,4.07,14,85.3,60.2,2460133.759,399,0.901,1.28
2015 XP,2067,2067,1,1.2e-6,8.23,25.8,0.024,-6.43,-6.43,0,0.493,1.88,0.955,4.87,71.6,24.9,355,2460214.883,944,0.381,2.81
2011 QF48,2067,2067,2,2e-7,19.93,25.3,0.03,-6.6,-6.87,0,0.636,2.13,0.774,21.5,154,113,330,2460293.449,1130,0.318,3.48
2008 BN16,2067,2083,3,4e-8,18.98,25.9,0.023,-7.7,-7.87,0,0.687,2.21,0.692,5.51,308,98.4,15.8,2454443.915,1200,0.3,3.73
2009 EJ1,2067,2086,3,1e-7,10.63,28.2,0.008,-8.64,-8.78,0,0.475,1.6,0.84,0.0253,313,148,22,2454848.36,739,0.487,2.36
2007 CC27,2067,2105,40,8e-5,10.88,26.9,0.014,-5.15,-5.65,0,0.493,1.69,0.856,2.12,324,125,19.8,2454104.443,801,0.449,2.52
2013 BR27,2067,2106,42,3e-5,10.95,27.7,0.01,-6.02,-6.44,0,0.46,1.55,0.838,2.57,297,121,28,2456266.634,706,0.51,2.27
2009 WP6,2067,2114,63,3.8e-5,25.34,26.8,0.015,-5.01,-5.3,0,0.741,1.13,0.292,2.78,54.5,228,41.2,2455104.228,439,0.82,1.97
2009 TH8,2068,2100,4,1.2e-5,13.03,24.9,0.036,-5.04,-5.13,0,0.592,2.05,0.835,4.91,30.7,50.2,258,2460501.933,1070,0.337,3.25
2006 HF6,2068,2110,22,8.9e-6,16.4,24.5,0.043,-4.73,-5.27,0,0.55,1.41,0.633,6.59,29.6,86.3,38.7,2453790.058,609,0.591,2.18
2008 TS10,2068,2114,19,2.8e-5,3.18,28.8,0.006,-6.77,-7.61,0,0.203,1.26,1,1.47,5.64,345,17.9,2454724.854,516,0.698,1.51
2012 DJ54,2068,2115,32,2e-4,5.43,28.5,0.007,-5.71,-6,0,0.23,1.18,0.905,1.97,337,120,58.1,2460125.334,466,0.773,1.45
2016 FE15,2068,2116,3,6.2e-7,12.21,28.8,0.006,-8.11,-8.24,0,0.466,1.44,0.769,0.454,17.5,96.8,144,2459948.739,631,0.571,2.11
2016 DK2,2069,2069,1,7.5e-7,17.57,29.1,0.005,-7.93,-7.93,0,0.714,2.41,0.689,0.884,159,283,11.8,2457401.934,1360,0.264,4.12
2005 XA8,2069,2086,21,9.1e-5,12.08,25.6,0.025,-4.43,-4.54,0,0.437,1.42,0.799,5.34,254,111,215,2460448.69,617,0.583,2.04
2015 VP64,2069,2105,5,3.1e-6,20.96,28.3,0.007,-6.99,-7,0,0.699,2.09,0.63,0.715,44.1,275,15.7,2457286.407,1100,0.326,3.55
2012 TP20,2069,2107,4,5.3e-7,7.31,27.8,0.009,-7.85,-8.07,0,0.326,1.39,0.934,0.657,208,118,274,2460343.653,597,0.603,1.84
2000 SG344,2069,2113,104,0.0022,1.36,24.8,0.037,-2.93,-3.26,0,0.0668,0.977,0.912,0.113,192,276,180,2460024.382,353,1.02,1.04
2012 AP10,2069,2114,81,1.1e-4,3.57,26.4,0.018,-5.01,-5.7,0,0.138,0.889,0.766,2.73,102,212,118,2460100.312,306,1.18,1.01
2014 JR24,2069,2115,38,0.0012,3.72,29.3,0.005,-5.26,-5.27,0,0.118,1.07,0.94,0.93,48.9,246,120,2460066.131,402,0.895,1.19
2010 UK,2069,2115,20,2.3e-5,6.11,26.9,0.014,-5.81,-6.02,0,0.218,0.866,0.677,4.93,203,36.6,129,2460095.039,295,1.22,1.06
2009 WW7,2069,2115,30,2.2e-5,8.2,28.9,0.006,-6.81,-6.94,0,0.262,1.09,0.805,2.53,57.1,274,102,2460082.128,416,0.865,1.38
2011 EB,2070,2077,3,5.3e-5,10.31,26.9,0.014,-5.33,-5.37,0,0.598,2.29,0.923,2.51,160,323,225,2460676.942,1270,0.284,3.66
2012 UU158,2070,2078,2,1.9e-6,12.28,26.9,0.014,-6.66,-6.68,0,0.374,1.1,0.689,5.98,26.7,262,216,2460369.262,421,0.855,1.51
2014 HT197,2070,2090,3,1.1e-7,17.18,28.5,0.007,-8.53,-8.81,0,0.607,2.23,0.878,2.07,39.6,235,347,2456817.95,1220,0.295,3.59
2013 BL18,2070,2092,5,2.4e-5,14.19,26,0.022,-5.16,-5.27,0,0.592,1.99,0.813,7.52,295,121,16.1,2456267.479,1030,0.35,3.17
2012 TV,2070,2096,12,2e-6,16.66,25.2,0.031,-5.72,-6.1,0,0.572,1.5,0.644,5.54,193,270,309,2460296.12,673,0.535,2.36
2000 SZ162,2070,2096,2,3.8e-7,4.17,27.1,0.013,-7.7,-7.75,0,0.168,0.929,0.773,0.889,12.5,133,94.3,2460114.847,327,1.1,1.08
2009 FQ32,2070,2104,5,5.2e-8,4.75,26.8,0.015,-8.49,-8.93,0,0.189,1.23,0.994,6.14,7.77,203,345,2454941.212,495,0.727,1.46
2002 MN,2070,2109,13,6.1e-6,10.37,23.3,0.073,-4.59,-5.04,0,0.499,1.81,0.909,1.05,85.3,132,261,2460444.85,893,0.403,2.72
2012 EK5,2070,2111,14,3.7e-5,15.13,25.5,0.026,-4.77,-5.03,0,0.558,1.82,0.805,9.96,4.5,240,340,2456051.305,899,0.4,2.84
2011 MX,2070,2113,21,3.2e-5,12.19,26.9,0.014,-5.51,-6,0,0.398,1.43,0.862,13.5,268,297,30.6,2455684.423,625,0.576,2
2013 GA55,2070,2114,23,3.9e-5,9.34,27.7,0.01,-6.04,-6.21,0,0.455,1.65,0.897,0.478,207,299,358,2460204.416,771,0.467,2.39
2015 TC25,2070,2115,13,1.3e-4,3.52,29.5,0.004,-6.45,-6.49,0,0.116,1.03,0.909,3.74,18.9,80.6,145,2460046.666,381,0.945,1.15
2014 OP2,2071,2079,3,1.7e-6,11.63,29.1,0.005,-7.8,-7.92,0,0.619,2.45,0.934,2.05,122,142,143,2459643.022,1400,0.257,3.97
2013 VW13,2071,2084,9,4.4e-4,16.35,26.2,0.019,-3.92,-4.09,0,0.574,1.67,0.712,3.53,228,102,220,2460507.012,789,0.456,2.63
2010 JH110,2071,2092,3,5.6e-5,8.08,26.3,0.019,-5.17,-5.37,0,0.567,2.33,1.01,0.743,72.5,165,262,2460555.299,1300,0.277,3.66
2007 UN12,2071,2111,32,2.9e-4,1.57,28.7,0.006,-5.8,-6.57,0,0.0586,1.05,0.988,0.235,214,138,288,2460279.442,393,0.917,1.11
2014 UY57,2071,2111,2,1.2e-7,9.03,27.2,0.012,-8.2,-8.32,0,0.582,2.35,0.984,0.221,59.4,304,6.65,2456933.114,1320,0.273,3.72
2004 PU42,2071,2114,25,8.3e-5,10.11,26.8,0.015,-5.13,-5.7,0,0.444,1.57,0.876,0.991,147,233,215,2460492.1,722,0.499,2.27
2016 VB1,2071,2115,73,0.0012,5.45,28.6,0.006,-5.02,-5.48,0,0.319,0.755,0.514,1.22,41.1,176,352,2460205.72,240,1.5,0.996
2013 QM48,2071,2115,17,4e-6,7.47,27.4,0.011,-6.93,-7.5,0,0.222,1.15,0.895,7.42,331,291,104,2460071.058,450,0.8,1.4
2016 LE10,2072,2072,2,3.3e-8,12.63,27.1,0.013,-8.51,-8.76,0,0.619,2.42,0.923,3.24,257,42.3,326,2460329.868,1380,0.262,3.92
2016 FA14,2072,2077,2,1.5e-6,15.24,27.4,0.011,-6.92,-6.93,0,0.586,1.8,0.747,4.27,190,286,48.2,2460082.153,884,0.407,2.86
2010 TD,2072,2091,5,2.7e-6,18.86,26.9,0.014,-6.34,-6.75,0,0.677,2.18,0.704,3.23,188,100,15.8,2455421.091,1170,0.307,3.65
2016 AF2,2072,2093,3,3.1e-7,5.87,27.8,0.009,-8.09,-8.1,0,0.215,0.884,0.694,0.559,45.1,277,210,2460327.282,303,1.19,1.07
2008 BC15,2072,2094,2,8.7e-7,20.64,26.6,0.016,-6.73,-6.89,0,0.714,2.21,0.632,3.53,310,263,347,2454541.383,1200,0.3,3.79
2008 EZ84,2072,2114,10,2.2e-4,7.91,26.2,0.02,-4.39,-4.68,0,0.151,1.01,0.858,13.1,169,268,170,2460025.216,371,0.97,1.16
2004 VM24,2072,2114,20,1.5e-5,12.86,25.7,0.025,-5.26,-5.72,0,0.429,1.14,0.65,2.92,231,277,125,2460046.377,444,0.81,1.63
2014 TL,2072,2114,6,9.1e-6,10.72,27.8,0.009,-6.66,-6.82,0,0.339,1.13,0.749,3.24,188,90.7,202,2460394.354,440,0.817,1.52
2016 WT,2072,2115,36,2.3e-5,10.71,29.7,0.004,-7.2,-8.08,0,0.447,1.55,0.86,1.19,55.8,304,207,2460501.819,708,0.508,2.25
1997 UA11,2073,2073,1,4.4e-7,11.96,25.1,0.032,-6.48,-6.48,0,0.619,2.36,0.902,3.29,213,138,9.54,2450717.311,1330,0.271,3.83
2015 FF36,2073,2073,1,1.2e-6,8.54,26.5,0.017,-6.82,-6.82,0,0.539,2.1,0.969,0.293,266,306,280,2460446.326,1110,0.324,3.23
2010 LV108,2073,2073,1,6e-10,9.06,22.3,0.12,-8.09,-8.09,0,0.636,2.78,1.01,5.41,249,351,315,2460412.302,1690,0.213,4.54
2016 SK2,2073,2081,4,2.1e-6,13.64,25.3,0.029,-5.88,-5.91,0,0.393,1.36,0.825,15.5,355,291,176,2459917.868,580,0.621,1.9
2006 JY26,2073,2110,48,0.0097,2.98,28.4,0.007,-3.93,-3.93,0,0.0831,1.01,0.926,1.44,43.5,274,312,2460249.52,371,0.971,1.09
2007 EO88,2073,2111,8,8.9e-6,10.95,26.4,0.018,-5.97,-6.49,0,0.337,1.13,0.751,5.93,356,270,200,2460396.185,440,0.817,1.52
2009 SH1,2073,2113,24,7e-8,5.57,29.9,0.004,-9.91,-10.4,0,0.245,1.2,0.904,3.3,355,295,41.8,2455036.989,478,0.753,1.49
2013 RS43,2073,2114,27,1.3e-5,5.69,27,0.013,-6.26,-7.04,0,0.334,1.46,0.971,0.935,359,24.5,229,2460434.281,644,0.559,1.95
2009 FP32,2073,2115,18,6.9e-6,15.06,27.8,0.01,-6.57,-7.2,0,0.593,1.95,0.793,0.872,18.1,236,344,2454964.862,995,0.362,3.11
2010 VQ139,2074,2078,2,3.4e-10,8.03,26.4,0.018,-10.32,-10.5,0,0.398,1.73,1.04,2.76,231,179,0.865,2455512.498,833,0.432,2.42
2010 JH80,2074,2082,2,3.2e-6,26.9,24.5,0.042,-4.98,-4.99,0,0.779,2.09,0.462,21.7,228,253,17.5,2455275.937,1100,0.327,3.71
2014 GY44,2074,2083,3,3.4e-6,12.32,25.4,0.028,-5.75,-5.9,0,0.391,1.19,0.724,10.2,189,272,152,2460000.946,473,0.76,1.65
2007 TL16,2074,2092,10,9.1e-6,11.43,26.2,0.019,-5.8,-5.91,0,0.399,1.46,0.877,10.5,12.9,304,36.6,2460135.072,644,0.559,2.04
2012 VV76,2074,2094,2,4.8e-8,14.69,25.6,0.026,-7.69,-7.76,0,0.665,2.55,0.856,1.06,53.6,309,9.65,2456210.557,1490,0.242,4.25
2012 BN123,2074,2110,4,3.2e-9,10.13,23.2,0.078,-7.82,-8.13,0,0.571,2.54,1.09,8.93,104,351,7.4,2455928.026,1480,0.243,4
2006 HE2,2074,2111,4,8.3e-7,5.02,26.5,0.017,-7.16,-7.4,0,0.157,1.06,0.898,1.18,200,90.8,237,2460337.657,401,0.897,1.23
2008 ST7,2074,2112,24,2.6e-5,9.98,24.1,0.052,-4.42,-4.77,0,0.513,1.94,0.942,2.45,348,322,218,2460588.577,983,0.366,2.93
2000 SB45,2074,2113,98,1.5e-4,7.53,24.3,0.046,-3.8,-4.3,0,0.398,1.56,0.941,3.67,196,216,341,2451853.739,714,0.504,2.19
2016 TY55,2074,2114,16,1.9e-5,4.61,26.9,0.014,-5.99,-6.23,0,0.153,1.03,0.873,4.21,207,264,145,2460046.801,382,0.941,1.19
2014 MB6,2075,2075,1,1.4e-8,13.07,26.2,0.019,-8.49,-8.49,0,0.649,2.83,0.992,1.28,107,134,344,2460276.32,1740,0.207,4.66
2009 EW,2075,2081,4,1.8e-6,12.83,26.4,0.018,-6.48,-6.68,0,0.389,1.26,0.768,10.7,346,258,68.9,2460101.911,515,0.699,1.75
2014 WA201,2075,2084,8,1.3e-4,11.57,26.8,0.015,-4.85,-4.85,0,0.423,1.42,0.821,5.34,53.4,295,101,2460027.453,619,0.581,2.02
2015 UH52,2075,2101,3,1.1e-6,11.19,26,0.022,-6.59,-6.85,0,0.385,0.853,0.524,4.74,26.5,226,107,2460115.108,288,1.25,1.18
2003 YS70,2075,2107,2,7.7e-6,3.16,28.8,0.006,-7.44,-7.48,0,0.234,1.28,0.982,0.356,271,197,170,2459949.756,530,0.679,1.58
2000 LG6,2075,2115,52,9.9e-4,2.11,29,0.005,-5.37,-5.86,0,0.111,0.917,0.816,2.83,72.5,8.16,353,2460206.574,321,1.12,1.02
2014 QF33,2076,2076,1,3.4e-8,23.29,23.7,0.06,-6.63,-6.63,0,0.702,1.17,0.348,3.78,325,233,113,2460056.298,461,0.781,1.99
2014 FX32,2076,2108,3,3.1e-6,9.05,25.1,0.033,-5.71,-5.71,0,0.481,1.78,0.925,3.78,172,321,9.45,2460177.658,870,0.414,2.64
2016 RR1,2076,2113,27,2e-4,6.75,27.8,0.009,-5.42,-5.64,0,0.399,1.67,1,5.33,341,346,102,2459978.751,785,0.458,2.33
2004 VZ14,2076,2114,4,2.1e-6,15.26,25.3,0.03,-5.92,-6.39,0,0.526,1.53,0.727,4.58,41.4,281,360,2460200.934,694,0.519,2.34
2015 ET,2076,2114,9,2.6e-6,11.63,26.7,0.016,-6.58,-7.22,0,0.579,2.03,0.857,0.597,354,124,349,2460234.279,1060,0.34,3.21
2016 WG,2076,2115,22,5.5e-6,23.6,23.3,0.074,-4.25,-4.91,0,0.741,1.83,0.474,0.216,293,233,250,2460476.326,905,0.398,3.19
2012 YR1,2077,2077,1,5.6e-7,7.84,26.5,0.017,-7.2,-7.2,0,0.528,2.05,0.966,2.5,81.2,342,244,2460545.95,1070,0.336,3.13
2007 VF189,2077,2077,1,3.5e-8,11.47,28.4,0.007,-9.17,-9.17,0,0.385,1.21,0.742,6.98,51.8,83.6,295,2460288.505,484,0.743,1.67
2012 RU16,2077,2089,2,1.1e-7,8.66,25.6,0.026,-7.48,-7.64,0,0.613,2.49,0.963,0.404,311,357,10.5,2456149.876,1430,0.251,4.01
2008 HJ,2077,2114,22,2.3e-4,7.53,25.7,0.024,-4.35,-4.81,0,0.407,1.63,0.969,0.925,47.5,204,121,2459944.045,762,0.473,2.3
2016 TH,2077,2115,30,2.2e-5,7.4,29.4,0.004,-7.09,-7.76,0,0.259,1.04,0.768,2.33,191,276,137,2460053.637,386,0.932,1.31
2008 UA92,2078,2078,1,1.3e-6,8.38,27.3,0.012,-7.21,-7.21,0,0.605,2.6,1.03,3.05,39.5,352,1,2454764.223,1530,0.235,4.18
2012 CQ46,2078,2103,4,1.5e-9,13.01,27.2,0.012,-10.04,-10.4,0,0.437,1.2,0.677,0.62,16.3,28.4,48.7,2455906.156,483,0.746,1.73
2006 UJ185,2078,2105,3,1.2e-6,15.46,27.9,0.009,-7.47,-7.48,0,0.578,1.69,0.713,0.862,35,78.9,217,2460519.842,803,0.448,2.67
2013 CY,2078,2106,5,2.5e-6,2.42,28.2,0.008,-7.57,-7.92,0,0.134,1.11,0.965,0.78,303,150,40.2,2460152.511,429,0.838,1.26
2014 QN266,2078,2109,3,2.1e-6,2.85,26.2,0.019,-6.6,-6.66,0,0.0923,1.05,0.955,0.489,171,61.6,226,2460346.927,394,0.913,1.15
2007 XB23,2078,2114,9,6.6e-7,4.58,27.1,0.013,-7.52,-7.8,0,0.0543,1.04,0.985,8.53,260,193,285,2460281.147,388,0.928,1.1
2014 QC391,2078,2115,37,5.9e-5,7.61,27.5,0.011,-5.77,-6.14,0,0.402,1.58,0.945,2.09,345,36.7,342,2456938.059,726,0.496,2.22
2006 QN111,2079,2079,1,2.1e-6,10.55,23.8,0.06,-5.24,-5.24,0,0.598,2.49,1,11.7,144,172,4.57,2453959.309,1430,0.251,3.98
2010 UR7,2079,2086,3,2e-6,13.34,27.4,0.011,-6.94,-7.08,0,0.619,2.29,0.87,3.62,217,130,269,2460520.483,1260,0.285,3.7
2008 CM74,2079,2100,6,2.4e-6,4.07,28,0.008,-7.49,-7.95,0,0.147,1.09,0.929,0.854,321,243,209,2460374.44,415,0.867,1.25
2014 JU15,2079,2114,71,5.4e-5,10.34,24.7,0.039,-4.35,-5.07,0,0.466,0.726,0.387,9.1,38.6,20.3,186,2460309.673,226,1.59,1.06
2009 TM8,2079,2114,136,7.7e-5,7.96,28.6,0.007,-6.18,-7.39,0,0.406,1.55,0.922,2.47,205,221,40.1,2460121.822,706,0.51,2.18
2007 US51,2079,2114,8,6.7e-6,15.29,27.2,0.012,-6.34,-6.66,0,0.633,2.19,0.806,1.47,39.4,298,13.1,2454364.458,1190,0.303,3.58
2001 SD286,2080,2080,1,5.2e-8,12.56,25.2,0.03,-7.49,-7.49,0,0.566,2.08,0.905,6.24,183,130,12.8,2452140.312,1100,0.328,3.26
2002 AN129,2080,2080,1,2e-8,11.35,26.1,0.021,-8.34,-8.34,0,0.525,1.82,0.864,0.288,94,74.4,344,2452328.604,896,0.402,2.77
2008 GF1,2080,2080,1,9.7e-8,14.61,28.3,0.007,-8.61,-8.61,0,0.463,1.21,0.65,1.55,16.6,277,315,2454622.881,487,0.739,1.77
2015 PS228,2080,2102,3,2.9e-6,2.55,28.9,0.005,-7.81,-7.87,0,0.084,1.06,0.968,0.439,273,328,229,2460344.723,397,0.907,1.15
2014 EU,2080,2107,5,7.7e-6,5.64,27.7,0.01,-6.72,-6.77,0,0.28,1.29,0.93,0.331,187,289,200,2460438.41,537,0.671,1.65
2009 OW6,2080,2115,2,4.9e-6,6.65,25.3,0.029,-5.81,-6.01,0,0.482,1.95,1.01,0.118,96.2,229,54.9,2460048.411,998,0.361,2.9
2015 WP2,2080,2115,24,1e-4,12.62,30.1,0.003,-6.56,-6.98,0,0.457,1.44,0.779,1.71,58,288,225,2460436.528,628,0.573,2.09
2015 MN11,2081,2081,1,2.2e-9,21.06,24.5,0.042,-8.27,-8.27,0,0.705,2.04,0.601,5.71,279,85.3,342,2457246.414,1070,0.338,3.48
2012 WR10,2081,2096,3,7.7e-7,2.73,28.5,0.007,-8.21,-8.4,0,0.112,1.09,0.964,0.308,224,147,240,2460337.75,413,0.872,1.21
2013 FU13,2081,2098,3,3.2e-5,5.74,27.2,0.012,-5.88,-6.09,0,0.426,1.73,0.993,0.762,177,349,225,2460511.277,830,0.434,2.47
2012 XM16,2081,2107,2,2.1e-6,12.68,25.8,0.024,-6.16,-6.25,0,0.63,2.37,0.876,2.18,90.9,41.5,335,2460293.155,1330,0.27,3.86
2005 AU3,2081,2114,24,1.2e-5,14.4,26,0.021,-5.55,-6.18,0,0.473,1.25,0.657,3.77,105,267,44.9,2453318.196,508,0.709,1.83
2012 VS76,2081,2114,9,1.3e-5,11.48,26.9,0.014,-6,-6.27,0,0.386,0.991,0.608,0.806,242,285,280,2460280.272,360,0.999,1.37
2016 JA6,2081,2115,8,4e-6,11.34,26.4,0.018,-6.29,-6.47,0,0.276,1.09,0.787,16,222,269,237,2460342.462,414,0.869,1.39
2007 TC14,2082,2082,1,1.2e-7,25.55,22.1,0.13,-5.3,-5.3,0,0.807,2.09,0.403,4.64,225,269,344,2454435.858,1100,0.327,3.77
2016 FC1,2082,2088,4,3.4e-6,15.19,29.1,0.005,-7.47,-7.64,0,0.64,2.06,0.743,1.25,353,112,15.2,2457418.697,1080,0.333,3.38
2006 YE,2082,2089,2,1.6e-6,6.05,27.3,0.012,-7.24,-7.25,0,0.44,1.75,0.978,0.321,253,211,86.9,2459997.323,842,0.427,2.51
2016 TQ54,2082,2113,9,1.8e-6,9,27.2,0.012,-7.15,-7.64,0,0.289,0.943,0.67,1.37,7.72,244,297,2460258.697,334,1.08,1.22
2010 FN,2082,2114,5,2.3e-6,6.78,26.6,0.016,-6.71,-6.96,0,0.211,0.99,0.781,0.124,162,126,163,2460037.428,360,1,1.2
2011 FQ16,2082,2114,4,6.4e-7,7.99,27.7,0.01,-7.87,-8.02,0,0.53,2.13,1,1.43,187,335,7.1,2455627.162,1130,0.318,3.25
2012 WS3,2082,2115,31,7.3e-6,8.79,25.9,0.022,-5.91,-6.85,0,0.279,1.11,0.801,3.87,241,86.3,142,2460032.293,428,0.842,1.42
2011 BF40,2083,2083,1,1.9e-6,18.5,24.8,0.037,-5.58,-5.58,0,0.727,2.8,0.765,5.51,301,264,350,2455641.472,1710,0.21,4.84
2012 QV17,2083,2083,1,2.5e-8,10.87,25,0.033,-7.77,-7.77,0,0.642,2.8,1,11.3,151,189,124,2459610.507,1710,0.21,4.6
2008 EF32,2083,2083,1,6.5e-8,13.11,29.4,0.005,-9.39,-9.39,0,0.523,1.63,0.778,1.74,349,112,22.2,2454489.781,759,0.474,2.48
2014 HH196,2083,2109,2,3e-9,11.21,28.2,0.008,-10.21,-10.2,0,0.441,1.4,0.781,0.91,248,51.3,322,2456835.682,603,0.597,2.01
2012 DW60,2083,2115,14,4.1e-5,5.4,26.5,0.017,-5.45,-5.54,0,0.168,1.11,0.925,4.82,354,238,251,2460330.152,428,0.841,1.3
2016 WQ1,2084,2084,1,8.1e-8,7.67,27.9,0.009,-8.74,-8.74,0,0.468,1.81,0.961,0.235,230,161,300,2460349.387,886,0.406,2.65
2009 WZ53,2084,2094,3,8.3e-10,18.97,24.1,0.052,-8.58,-8.74,0,0.242,1.14,0.862,32.7,61.6,112,276,2455263.933,443,0.813,1.41
2016 TT,2084,2095,3,4.5e-7,11.59,26,0.021,-6.98,-6.99,0,0.507,1.8,0.889,4.75,184,130,331,2460271.463,883,0.408,2.71
2002 VU17,2084,2099,5,9.3e-6,13.69,24.8,0.038,-5.06,-5.49,0,0.616,2.47,0.949,1.5,55.7,309,11.1,2452554.588,1420,0.254,3.99
2008 EF85,2084,2110,3,1.6e-7,9.53,26.7,0.016,-7.96,-8,0,0.541,2.09,0.957,4.85,355,144,9.36,2454511.887,1100,0.327,3.21
2002 TY59,2084,2114,3,2.5e-5,8.22,25.4,0.028,-5.21,-5.45,0,0.233,1.02,0.781,6.61,9.74,259,206,2460360.834,375,0.959,1.26
2006 WZ184,2084,2114,27,1.1e-5,7.26,26.1,0.021,-5.85,-6.77,0,0.328,1.37,0.918,0.846,249,128,210,2460442.829,583,0.617,1.81
2008 GM2,2084,2114,35,2.3e-5,4.61,28.4,0.007,-6.69,-7.39,0,0.158,1.05,0.887,4.07,195,278,175,2460008.93,395,0.912,1.22
2009 XQ2,2084,2114,2,2.6e-10,26.18,24.1,0.051,-8.98,-9.21,0,0.566,1.17,0.508,6.76,271,282,315,2455235.949,462,0.779,1.83
2016 NK22,2084,2115,85,7e-4,6.88,28.9,0.005,-5.47,-5.67,0,0.353,1.5,0.969,2.71,111,213,313,2460287.974,669,0.538,2.03
2012 SU9,2084,2115,5,1.3e-6,10.88,27.2,0.012,-7.24,-7.33,0,0.36,0.93,0.595,0.494,323,264,181,2460363.361,327,1.1,1.26
2017 BK30,2085,2085,2,1.4e-7,9.95,27.2,0.012,-8.11,-8.26,0,0.631,2.62,0.966,1.19,141,24.2,197,2460903.254,1550,0.232,4.27
2015 XQ129,2085,2085,1,5.3e-10,15.3,24.4,0.044,-9.04,-9.04,0,0.691,2.43,0.751,1.41,112,235,15.4,2457302.312,1380,0.26,4.11
2008 XC1,2085,2088,2,1.2e-7,11.66,23.7,0.063,-6.42,-6.47,0,0.577,2.05,0.87,4.47,86.2,43.8,354,2460218.931,1080,0.335,3.24
2014 HB177,2085,2099,3,2.6e-6,6.08,28.3,0.007,-7.49,-7.57,0,0.195,1.11,0.897,3.48,45.1,252,291,2460283.431,430,0.838,1.33
2010 FD,2085,2104,2,1.4e-6,9.79,26,0.021,-6.57,-6.6,0,0.655,2.81,0.97,0.0344,111,75.5,274,2460610.066,1720,0.209,4.65
2008 YV32,2085,2107,9,4.3e-6,8.79,26.4,0.018,-6.32,-6.8,0,0.414,1.53,0.896,1.1,115,39.7,254,2460404.568,691,0.521,2.16
2015 VL64,2085,2109,7,2.8e-6,8.68,28.3,0.007,-7.46,-8.02,0,0.289,0.909,0.647,0.707,51.7,225,118,2460096.875,317,1.14,1.17
2010 RM80,2085,2115,21,1.1e-5,5.36,27.9,0.009,-6.84,-7.25,0,0.199,1.18,0.942,2.36,345,304,110,2460058.53,466,0.773,1.41
2016 XL23,2086,2086,1,8.2e-7,9.91,29.3,0.005,-8.34,-8.34,0,0.558,2.1,0.928,1.87,249,146,89.8,2459923.096,1110,0.324,3.27
2004 BN41,2086,2098,2,5.2e-7,7.58,25.8,0.024,-6.98,-7.07,0,0.516,2.05,0.993,0.398,332,145,3.5,2453022.063,1070,0.335,3.11
2014 UD57,2086,2108,4,7e-6,8.72,25.8,0.023,-5.81,-5.9,0,0.35,1.37,0.888,0.655,214,120,232,2460408.42,583,0.618,1.84
2016 EG28,2086,2108,3,2.1e-6,14.67,27.8,0.009,-7.17,-7.28,0,0.571,1.81,0.776,8.11,344,112,50.9,2460074.845,889,0.405,2.84
2016 TQ18,2086,2110,3,6.9e-6,9.59,26.3,0.018,-6.13,-6.16,0,0.601,2.5,0.997,3.6,7.06,339,278,2460528.323,1440,0.25,4
2009 TU,2086,2111,6,2.1e-5,15.15,27.4,0.011,-5.87,-6.32,0,0.558,1.73,0.762,1.56,199,107,72.1,2460034.672,828,0.435,2.69
2012 BW13,2086,2111,10,2e-6,11.69,27.2,0.012,-7.03,-7.41,0,0.541,1.89,0.866,1.1,310,224,159,2459781.929,948,0.38,2.91
2013 XS21,2086,2111,9,3.3e-6,7.52,29.4,0.004,-7.95,-8.26,0,0.494,1.91,0.968,3.08,80.4,341,251,2460493.549,967,0.372,2.86
2011 VG9,2086,2114,6,3.2e-7,24.79,22.2,0.121,-5.04,-5.44,0,0.774,2.28,0.515,1.26,236,65.7,21.1,2455815.822,1260,0.286,4.05
2012 BU1,2086,2114,20,1.1e-4,8.97,27.7,0.01,-5.56,-5.99,0,0.443,1.61,0.9,0.425,294,134,263,2460401.842,749,0.481,2.33
2002 UV36,2087,2087,1,9.7e-6,8.06,26.7,0.016,-6.09,-6.09,0,0.599,2.46,0.985,2.87,32.6,356,152,2459607.845,1410,0.256,3.93
2007 EZ25,2087,2087,1,7.9e-8,20.73,25.6,0.026,-7.27,-7.27,0,0.719,2.13,0.599,5.46,168,268,16.9,2454118.278,1130,0.317,3.66
2010 GM23,2087,2114,29,5.5e-5,13.44,24.7,0.04,-4.31,-4.94,0,0.443,1.32,0.734,4.36,205,81.1,321,2455354.821,552,0.652,1.9
2015 VN64,2088,2096,3,7.1e-7,15.86,27.5,0.01,-7.41,-7.58,0,0.592,1.84,0.753,3.64,223,108,19.6,2457285.819,913,0.394,2.93
2007 EV,2088,2109,5,5e-6,10.58,25,0.033,-5.59,-5.78,0,0.308,1.09,0.755,8.17,357,269,115,2460067.703,416,0.865,1.43
2010 NH,2089,2092,2,1.5e-6,10.29,25.7,0.025,-6.38,-6.43,0,0.541,2.09,0.959,7.51,280,326,145,2459757.099,1100,0.326,3.22
2010 CK19,2089,2107,4,8.7e-7,5.01,27.9,0.009,-7.83,-8.22,0,0.15,0.987,0.839,2.26,329,279,220,2460339.727,358,1.01,1.14
2014 KS76,2089,2107,2,9.6e-8,7.18,26.6,0.016,-8.13,-8.25,0,0.27,0.928,0.677,1.1,62.2,51.3,247,2460303.169,327,1.1,1.18
2016 WU,2089,2110,3,2.4e-6,7.05,27.3,0.012,-7.14,-7.15,0,0.175,1.04,0.855,8.41,54.7,273,235,2460334.574,385,0.934,1.22
2011 BU59,2089,2113,11,8.5e-6,11.34,26.2,0.02,-5.88,-6.05,0,0.394,1.26,0.76,3.5,117,279,48.9,2455521.688,514,0.7,1.75
2017 BD6,2090,2090,1,1e-9,9.28,28.6,0.007,-10.95,-11,0,0.584,2.3,0.956,5.04,126,335,331,2460301.454,1270,0.283,3.64
2016 JB29,2090,2090,1,2.3e-7,8.56,24.7,0.039,-6.78,-6.78,0,0.495,1.97,0.995,6.28,82.2,199,218,2460598.227,1010,0.356,2.95
2008 YC3,2090,2092,2,8.3e-9,6.24,25.4,0.029,-8.6,-8.66,0,0.0457,1.02,0.97,12,91.4,82.2,59.7,2460138.517,374,0.963,1.06
2015 CL13,2090,2106,4,9.4e-8,13.69,25.7,0.025,-7.49,-7.73,0,0.493,1.63,0.824,11.1,327,239,26.6,2460144.511,758,0.475,2.43
2015 UR67,2091,2091,1,4.9e-6,11.63,26.3,0.019,-6.12,-6.12,0,0.647,2.62,0.927,1.14,219,136,314,2460399.568,1550,0.232,4.32
2014 HO197,2091,2091,1,2.2e-10,14.63,26,0.021,-10.24,-10.2,0,0.49,2.3,1.17,3.86,226,21.6,350,2456809.348,1270,0.283,3.43
2008 DA4,2091,2100,2,4.2e-7,11.13,23.9,0.056,-6.09,-6.28,0,0.622,2.43,0.92,4.22,146,318,50.8,2460004.949,1390,0.26,3.95
2008 KT,2091,2107,4,2.9e-7,3,28.2,0.008,-8.55,-8.8,0,0.0848,1.01,0.925,1.98,241,102,286,2460277.322,371,0.969,1.1
2008 JL24,2091,2109,2,4.3e-7,2.7,29.6,0.004,-8.99,-9.05,0,0.107,1.04,0.928,0.551,226,282,251,2460317.658,386,0.932,1.15
2016 WY,2091,2114,11,9.7e-5,3.24,29.2,0.005,-6.49,-6.6,0,0.173,0.846,0.7,1.92,236,2.51,88.5,2460130.594,284,1.27,0.993
2016 JB18,2091,2116,14,8.1e-5,3.25,27.5,0.011,-5.72,-5.75,0,0.149,1.12,0.956,1.89,208,305,121,2460054.153,435,0.829,1.29
2006 CM10,2092,2092,1,2.4e-8,22.34,21.7,0.15,-5.94,-5.94,0,0.701,2.13,0.638,18.3,143,92.1,343,2453837.389,1140,0.316,3.63
2013 RZ53,2092,2103,8,1.3e-5,1.25,31.1,0.002,-8.32,-8.7,0,0.0283,1.02,0.988,2.11,343,64.7,230,2460335.868,374,0.962,1.05
2016 EP84,2092,2106,6,3.6e-5,2.33,27.4,0.011,-6.03,-6.08,0,0.173,1.19,0.984,0.819,287,196,315,2460260.073,474,0.759,1.4
2010 TW54,2092,2107,7,4.2e-6,7.77,27.6,0.01,-6.94,-7.43,0,0.234,1.04,0.799,3.85,196,86,114,2460077.146,389,0.925,1.29
2006 BF56,2092,2110,11,7.9e-6,26.18,29.6,0.004,-7.16,-7.59,0,0.799,2.34,0.47,0.961,125,103,315,2460365.049,1310,0.276,4.21
2015 XH55,2092,2110,5,1.4e-6,7.14,29.2,0.005,-8.22,-8.49,0,0.212,1.05,0.825,5.19,70.7,269,160,2460026.097,391,0.92,1.27
2015 XA378,2092,2115,19,5.3e-5,17.9,25.5,0.027,-4.61,-4.82,0,0.639,1.83,0.661,0.225,77.1,89.7,24.3,2460139.458,905,0.398,3
2016 GK2,2092,2116,8,4.6e-5,9.12,27.8,0.009,-5.95,-6.14,0,0.431,1.56,0.889,0.932,7.67,127,316,2460288.529,713,0.505,2.24
2011 DV10,2093,2093,1,9.3e-7,16.27,24.8,0.038,-5.97,-5.97,0,0.689,2.85,0.886,8.11,160,293,10.8,2455567.934,1760,0.205,4.81
2003 UQ25,2093,2093,2,2.2e-7,18.01,24.2,0.049,-6.27,-6.28,0,0.682,2.54,0.808,2.13,188,276,348,2452988.907,1480,0.244,4.27
2016 TM,2093,2100,2,3.9e-7,4.33,27.5,0.011,-8.04,-8.07,0,0.168,1.15,0.958,0.367,351,328,258,2460328.092,451,0.798,1.35
2008 CB6,2093,2107,2,9.6e-6,7.43,27.1,0.013,-6.38,-6.53,0,0.407,1.6,0.95,0.311,240,301,231,2460466.097,741,0.486,2.26
2015 EG7,2093,2110,3,3.2e-8,12.8,27.4,0.011,-8.8,-8.85,0,0.567,1.98,0.855,0.164,176,57.2,5.75,2460184.284,1010,0.355,3.1
2011 UC64,2093,2114,25,1.9e-5,14.05,27.9,0.009,-6.31,-6.78,0,0.463,1.07,0.576,3.93,211,288,203,2460377.21,405,0.889,1.57
2009 WQ25,2094,2094,1,9.2e-8,16.94,23.9,0.055,-6.57,-6.57,0,0.719,2.49,0.698,4.46,44.8,286,13.9,2455101.31,1430,0.251,4.28
2012 HE31,2094,2094,1,8.8e-8,10.6,25.7,0.024,-7.64,-7.64,0,0.393,1.38,0.84,0.532,10.9,275,328,2460252.773,594,0.606,1.93
2007 EN88,2094,2104,3,1e-6,12.16,26.4,0.017,-6.91,-7.06,0,0.588,2.18,0.898,8.9,354,135,10.6,2454141.089,1170,0.307,3.46
2013 AB65,2094,2113,8,6.7e-6,24.42,27.6,0.01,-6.35,-6.49,0,0.75,1.81,0.454,2.44,114,252,19.6,2456258.071,890,0.404,3.17
2001 SB170,2095,2095,1,1e-8,22.48,22.4,0.11,-6.66,-6.66,0,0.464,1.36,0.73,34.5,357,261,49.7,2452098.487,580,0.621,1.99
2013 UO5,2095,2095,1,1.3e-10,10.26,23.4,0.07,-9.38,-9.38,0,0.416,2.15,1.25,4.85,84.8,293,3.88,2456578.116,1150,0.313,3.04
2016 WN7,2095,2100,3,3.1e-6,6.16,27.9,0.009,-7.27,-7.3,0,0.183,0.881,0.72,8.28,240,35.6,212,2460324.46,302,1.19,1.04
2012 CL17,2095,2112,18,1.4e-6,21.54,25.7,0.024,-6.15,-6.75,0,0.704,1.86,0.549,4.39,321,81.2,20.1,2455916.921,923,0.39,3.16
2009 HC,2095,2113,5,3.6e-6,3.72,24.8,0.038,-5.81,-6.13,0,0.126,1.04,0.909,3.78,204,270,294,2460271.729,387,0.93,1.17
2010 RF12,2095,2115,52,0.065,5.1,28.4,0.007,-3.2,-3.2,0,0.188,1.06,0.861,0.882,164,267,265,2460305.829,399,0.902,1.26
2014 YN,2095,2115,22,6.1e-5,3.27,25.7,0.024,-5.06,-5.66,0,0.134,0.892,0.773,1.21,239,16,325,2460230.116,308,1.17,1.01
1997 TC25,2096,2096,1,3e-7,9.89,24.7,0.039,-6.66,-6.66,0,0.624,2.59,0.976,0.251,17.9,322,8.14,2450700.02,1530,0.236,4.21
2009 MU,2096,2096,1,6.8e-9,13.27,24.5,0.042,-8.11,-8.11,0,0.61,2.29,0.891,7.29,93.9,225,28.6,2460100.203,1260,0.285,3.68
2013 PS13,2096,2105,2,1.3e-6,17.26,27.3,0.012,-7.05,-7.1,0,0.582,1.48,0.617,0.901,140,271,195,2460501.267,655,0.549,2.34
2010 GV23,2096,2105,2,6.9e-8,5.42,27.6,0.01,-8.84,-9.02,0,0.203,0.93,0.741,3.62,198,234,99.9,2460109.676,327,1.1,1.12
2015 YM1,2096,2115,6,7.6e-6,6.81,28.4,0.007,-7.1,-7.19,0,0.205,1.04,0.828,5.24,86.3,270,168,2460019.168,388,0.928,1.25
2016 TG94,2096,2116,16,1.5e-5,8.74,29.7,0.004,-7.4,-7.77,0,0.446,1.7,0.941,1.21,199,140,60.2,2460065.435,808,0.445,2.46
2011 AK37,2097,2097,1,6e-6,11.87,25.2,0.031,-5.51,-5.51,0,0.661,2.83,0.961,3.62,119,322,237,2460795.977,1740,0.206,4.71
2016 FX13,2097,2097,1,2.2e-9,13.98,26.7,0.016,-9.6,-9.6,0,0.491,1.21,0.616,2.78,356,81.7,59.9,2457406.662,486,0.741,1.8
2015 KH160,2097,2107,2,1.8e-8,29.2,26.4,0.018,-8.24,-8.25,0,0.87,2.72,0.352,9.04,241,247,10.1,2457123.532,1640,0.22,5.09
2016 EL1,2097,2109,3,2.7e-7,19.79,27.8,0.009,-7.96,-8.29,0,0.658,1.79,0.612,4.01,165,87.2,32.8,2460120.767,874,0.412,2.97
2011 SE191,2098,2098,1,7.2e-9,14.57,25.1,0.033,-8.32,-8.32,0,0.653,2.58,0.895,10.3,5.4,310,9.58,2455795.217,1510,0.238,4.27
2014 MG68,2098,2098,1,2e-10,14.37,22.6,0.1,-8.7,-8.7,0,0.583,2.27,0.946,1.83,274,59.7,348,2456879.245,1250,0.289,3.59
2014 HD199,2098,2098,1,1.2e-10,17.01,24.5,0.042,-9.76,-9.76,0,0.385,1.59,0.98,6.73,234,270,37.9,2456700.127,734,0.49,2.21
2004 FH,2098,2107,4,5.1e-6,6.97,26.1,0.02,-6.26,-6.53,0,0.289,0.82,0.583,0.0548,258,68.9,351,2460207.597,271,1.33,1.06
2016 YC13,2098,2110,2,3.2e-10,13,26.7,0.015,-10.52,-10.8,0,0.47,1.47,0.776,4.79,276,103,29.5,2457696.375,648,0.556,2.15
2015 HE1,2098,2110,2,2.5e-7,14.6,27,0.013,-7.71,-7.89,0,0.492,1.42,0.723,3.47,212,79.3,310,2460287.25,620,0.58,2.12
2007 WP3,2098,2114,21,8.2e-6,13.03,23.5,0.067,-4.6,-4.99,0,0.447,1.49,0.822,10.7,229,116,292,2460325.395,662,0.544,2.15
2005 GV190,2099,2099,1,1.2e-10,9.25,18,0.87,-6.84,-6.84,0,0.162,2.4,2.01,0.779,343,95.7,58.8,2459978.333,1360,0.265,2.79
2013 VJ13,2099,2099,1,8.9e-10,16.09,23.8,0.06,-8.55,-8.54,0,0.582,1.86,0.778,10.2,37.6,292,336,2460262.911,928,0.388,2.95
2014 HM198,2099,2104,2,4.4e-10,9.54,27.4,0.011,-10.82,-11,0,0.268,1.06,0.773,8.25,26.9,79.8,81.2,2456687.108,396,0.908,1.34
2005 TA,2099,2114,14,1.8e-5,4.8,27.2,0.012,-6.29,-6.64,0,0.25,1.28,0.96,2.78,13.8,34.6,113,2460034.458,530,0.68,1.6
2010 GH7,2099,2115,38,1.1e-4,5.05,27.3,0.012,-5.53,-5.98,0,0.3,1.4,0.98,3.52,192,336,47.9,2460119.896,605,0.595,1.82
2017 BE30,2100,2100,1,1.1e-7,16.69,26.3,0.018,-7.69,-7.69,0,0.665,2.24,0.75,5.89,306,109,15.1,2457732.967,1230,0.294,3.73
2005 CC37,2100,2100,1,2.4e-8,8.45,22.7,0.099,-6.85,-6.85,0,0.563,2.21,0.967,6.14,113,346,242,2460593.058,1200,0.3,3.45
2004 OD4,2100,2100,1,6.8e-8,8.45,26.9,0.014,-8.43,-8.43,0,0.516,2.04,0.988,4.37,295,336,7.42,2453183.505,1070,0.338,3.1
2012 UL171,2100,2100,1,4.2e-10,3.79,27,0.013,-10.8,-10.8,0,0.143,1.06,0.909,3.17,22.3,92.1,294,2456299.495,400,0.901,1.21
2011 UM169,2100,2107,19,1.7e-5,13.95,25,0.033,-4.97,-5.25,0,0.525,1.7,0.806,6.26,211,115,22.6,2455812.779,808,0.445,2.59
2015 YC1,2100,2108,4,1.5e-6,8.16,26.1,0.021,-6.69,-6.98,0,0.256,1.08,0.807,6.66,266,268,249,2460328.087,412,0.873,1.36
2016 CH30,2100,2112,4,8.9e-6,5.46,28,0.009,-6.92,-6.97,0,0.178,0.933,0.766,0.485,346,270,56.1,2460149.249,329,1.09,1.1
2011 OB26,2100,2115,17,4.4e-5,11,25.6,0.026,-4.92,-5.13,0,0.478,1.66,0.865,1.76,139,235,336,2455824.233,780,0.462,2.45
2016 WR55,2100,2115,9,3.2e-6,14.12,28.3,0.007,-7.32,-7.62,0,0.534,1.62,0.756,5.04,66.6,68.9,337,2457765.365,754,0.477,2.49
2014 OM207,2101,2101,2,2.2e-4,8.2,29.1,0.005,-5.98,-5.98,0,0.584,2.43,1.01,2.25,123,169,3.25,2456855.025,1380,0.26,3.85
1991 VG,2101,2101,1,4.6e-5,1.02,28.4,0.007,-6.46,-6.46,0,0.0525,1.03,0.978,1.43,71.3,27,154,2460036.216,383,0.94,1.09
2012 UU68,2101,2101,1,8.3e-9,6.89,23.1,0.082,-7.55,-7.55,0,0.228,0.941,0.726,5.45,221,293,246,2460306.241,333,1.08,1.16
2007 WT3,2101,2101,1,8.6e-10,19.92,24.1,0.051,-8.64,-8.64,0,0.722,2.36,0.656,5.17,227,103,14.4,2454371.763,1320,0.272,4.06
2012 VZ19,2101,2101,2,4.5e-10,7.92,25.6,0.025,-10,-10.2,0,0.254,0.982,0.733,1.25,58,221,93.9,2456143.759,356,1.01,1.23
443104 (2013 XK22),2101,2102,2,1.9e-5,6.9,24.2,0.05,-4.69,-4.69,0,0.203,1.05,0.833,6.99,268,266,335,2460228.156,390,0.922,1.26
2007 EH26,2101,2103,2,2.7e-8,20.19,24.2,0.049,-7.2,-7.2,0,0.668,1.89,0.629,5.62,356,269,340,2454225.553,952,0.378,3.16
2005 UC3,2101,2109,2,3.1e-7,7.81,27.1,0.013,-7.9,-8.03,0,0.545,2.18,0.991,0.252,27,330,9.88,2453639.267,1170,0.307,3.37
2002 XV90,2101,2114,4,1.7e-8,7.61,25.2,0.031,-8.28,-8.54,0,0.377,1.58,0.985,9.97,79.2,356,7.39,2452616.587,726,0.496,2.18
2016 FW3,2102,2102,2,3.5e-7,8.79,25.5,0.027,-7.02,-7.28,0,0.203,1.06,0.843,11.4,180,93.8,246,2460326.541,397,0.906,1.27
2015 JC1,2102,2102,1,7.7e-8,15.25,27.1,0.013,-8.26,-8.26,0,0.519,1.39,0.671,6.38,232,267,58.8,2460102.302,601,0.599,2.12
2016 WF7,2102,2113,4,2.3e-6,6.52,28.7,0.006,-7.88,-7.91,0,0.238,0.874,0.666,0.647,76.7,208,235,2460304.202,298,1.21,1.08
2009 RR,2102,2114,20,1.3e-5,12.95,25.6,0.026,-5.38,-6.12,0,0.464,1.4,0.75,6.07,174,257,327,2455143.582,605,0.595,2.05
2015 TG24,2102,2115,15,8.5e-6,9.84,26.7,0.016,-6.21,-6.77,0,0.443,0.746,0.415,3.99,21.9,151,336,2460216.097,236,1.53,1.08
2016 SU2,2102,2115,12,4.9e-6,12.73,27.7,0.01,-6.85,-7.23,0,0.42,0.897,0.52,4.76,183,50.1,155,2460067.081,310,1.16,1.27
2006 WK130,2103,2103,1,2e-9,20.74,22.4,0.11,-7.41,-7.41,0,0.682,2.11,0.67,13.8,72.2,277,17.8,2454019.164,1120,0.322,3.55
2014 OO6,2103,2103,1,4e-10,17.82,23.3,0.075,-8.63,-8.63,0,0.679,2.2,0.708,1.38,112,287,265,2460514.75,1190,0.302,3.7
2015 VK1,2103,2109,2,4e-7,14.73,26.5,0.017,-7.27,-7.5,0,0.427,0.978,0.561,12,38.1,242,119,2460083.983,353,1.02,1.39
2013 TV132,2103,2111,4,2.3e-6,9.16,26.5,0.017,-6.74,-7.07,0,0.557,2.19,0.97,1.79,192,153,29.7,2460102.703,1180,0.304,3.41
2006 UU17,2103,2111,5,1.5e-6,9.8,26.4,0.018,-6.8,-7.12,0,0.584,2.34,0.971,2.89,209,151,6.4,2454007.33,1300,0.276,3.7
2014 CR13,2103,2113,16,9.9e-5,12.29,25.7,0.024,-4.61,-4.69,0,0.461,1.48,0.8,7.46,142,293,133,2459956.063,661,0.545,2.17
2016 CY135,2103,2114,5,1.6e-6,6.74,24.4,0.044,-5.93,-6.14,0,0.354,1.48,0.953,1.1,173,26.6,53.4,2460103.474,654,0.55,2
2010 CS19,2104,2104,4,4.8e-5,6.82,28,0.009,-6.16,-6.18,0,0.44,1.74,0.973,4.18,144,341,338,2460250.617,838,0.43,2.5
2014 WE6,2104,2109,5,5.2e-5,4.42,30.3,0.003,-7.3,-7.57,0,0.136,0.969,0.837,0.339,52.6,252,184,2460370.77,348,1.03,1.1
2007 YS56,2104,2113,3,6.1e-6,9.14,25.8,0.023,-5.99,-6.25,0,0.284,0.943,0.675,6.24,274,63.7,146,2460065.278,334,1.08,1.21
2011 UD21,2105,2105,1,9.3e-6,1.29,28.5,0.007,-7.21,-7.21,0,0.0304,0.979,0.949,1.06,22.3,210,256,2460302.701,354,1.02,1.01
2016 BE,2105,2105,1,1.7e-9,9.1,23.6,0.066,-8.41,-8.41,0,0.468,1.82,0.967,9.68,315,199,29.4,2460127.355,897,0.401,2.67
2009 SD15,2105,2105,1,1.3e-10,13.88,26.9,0.014,-10.98,-11,0,0.625,2.34,0.876,2.89,357,303,11.6,2455052.528,1310,0.276,3.8
2016 AB166,2106,2106,1,6.4e-8,21.63,24.4,0.044,-6.9,-6.9,0,0.64,1.52,0.548,16.4,112,261,60.7,2460085.21,684,0.527,2.49
2004 GE2,2106,2109,2,4.9e-8,20.57,21.4,0.18,-5.57,-5.65,0,0.707,2.05,0.6,2.16,45.1,260,341,2453167.18,1070,0.337,3.49
2003 XK,2106,2110,2,2e-8,18.04,25.4,0.029,-7.95,-7.95,0,0.717,2.35,0.664,2.33,247,104,12.6,2452930.408,1310,0.274,4.03
2006 JE,2106,2112,4,2.2e-6,26.36,23.8,0.058,-4.96,-5,0,0.756,1.78,0.434,15,43.4,286,340,2453904.807,864,0.417,3.12
2006 BM8,2106,2115,10,2.6e-6,14.81,25.4,0.028,-5.96,-6.43,0,0.53,1.54,0.724,5.2,122,282,101,2460003.88,700,0.514,2.36
2015 DA54,2107,2107,1,5.5e-8,23.13,20.8,0.23,-5.2,-5.2,0,0.783,2.6,0.564,8.24,147,246,28.4,2460079.642,1530,0.235,4.64
2001 UD5,2107,2107,1,1.5e-8,16.73,22.4,0.11,-6.66,-6.66,0,0.666,2.28,0.761,2.53,19,290,17.9,2452146.025,1260,0.286,3.8
2016 UR36,2107,2107,2,5.1e-8,17.96,27.5,0.011,-8.59,-8.74,0,0.667,2.05,0.683,0.454,19.1,97,106,2459883.007,1070,0.335,3.42
2012 EZ1,2107,2107,2,9.4e-8,13.54,28.8,0.006,-9.07,-9.3,0,0.596,2.01,0.811,0.502,154,308,14.4,2455947.976,1040,0.347,3.2
2013 BR15,2107,2110,2,1.3e-8,14.11,25.1,0.032,-8.13,-8.18,0,0.52,1.55,0.746,1.95,103,285,32.4,2456244.868,707,0.509,2.36
2016 LG10,2108,2108,3,3.3e-6,8.69,25.6,0.026,-6.11,-6.44,0,0.463,1.78,0.958,4.68,255,324,29.5,2460129.04,871,0.413,2.61
2014 OX3,2108,2108,1,4.9e-8,12.82,27.8,0.009,-8.88,-8.88,0,0.564,2.01,0.875,1.92,123,123,15.9,2456821.666,1040,0.347,3.14
2007 CS5,2108,2109,2,1.3e-7,5,24.5,0.042,-7.11,-7.37,0,0.173,0.98,0.811,0.751,125,261,124,2460078.791,355,1.02,1.15
2016 FZ13,2108,2114,6,2.2e-5,4.3,28.3,0.007,-6.75,-7.14,0,0.15,0.944,0.803,4.18,184,239,157,2460054.693,335,1.07,1.09
2016 EM156,2108,2116,5,2e-5,8.81,27.9,0.009,-6.5,-6.56,0,0.515,1.98,0.957,1.98,0.586,203,244,2460527.777,1010,0.355,2.99
2016 AU193,2109,2109,1,3.1e-7,21.77,25.3,0.03,-6.63,-6.63,0,0.668,1.72,0.571,12.3,101,264,22.8,2457340.247,825,0.436,2.87
2008 OO8,2109,2109,1,6.3e-8,8.31,25.2,0.031,-7.69,-7.69,0,0.507,2.05,1.01,6.36,302,345,7.52,2454659.055,1070,0.335,3.09
2015 FC345,2109,2109,1,6.2e-7,6.76,27.8,0.009,-7.96,-7.96,0,0.274,1.27,0.923,0.523,179,60.4,296,2460292.781,523,0.688,1.62
2014 QJ365,2109,2109,1,5.8e-8,12.19,27.4,0.011,-8.68,-8.68,0,0.476,1.61,0.846,1.34,155,116,23,2456850.689,749,0.48,2.38
2014 OQ392,2109,2109,1,1.2e-10,11.89,22.8,0.093,-9.12,-9.12,0,0.47,2.42,1.29,6.56,81.9,247,355,2456889.788,1380,0.261,3.56
2005 SO1,2110,2110,8,4.4e-6,12.02,25.4,0.028,-5.82,-6.32,0,0.577,2.17,0.919,5.23,359,315,12.7,2453601.369,1170,0.308,3.42
2011 UR63,2110,2110,2,2.9e-7,12.57,25.7,0.024,-7.14,-7.26,0,0.595,2.23,0.904,4.05,208,132,11.8,2455820.692,1220,0.295,3.56
2016 TQ2,2110,2115,7,3.8e-6,15.21,26.4,0.017,-6.29,-6.56,0,0.563,1.86,0.814,10.2,11.3,296,280,2460406.805,928,0.388,2.91
2016 SA2,2110,2116,9,1.6e-4,5.19,28.1,0.008,-5.77,-6.08,0,0.185,1.18,0.959,4.76,183,135,196,2460412.481,466,0.773,1.39
2009 HS44,2111,2111,1,7e-6,18.29,26.6,0.017,-5.99,-5.99,0,0.702,2.57,0.767,2.44,209,73.2,164,2459512.488,1510,0.239,4.38
2013 WZ44,2111,2111,1,3.2e-6,12.56,25.7,0.025,-6.09,-6.09,0,0.463,1.61,0.863,11.5,243,126,310,2460303.229,744,0.484,2.35
1993 UA,2111,2111,2,7.1e-7,9.4,25.4,0.028,-6.72,-6.88,0,0.525,2.02,0.958,4.61,26.8,330,155,2459750.059,1050,0.344,3.08
2012 TU231,2111,2111,1,4e-7,9.97,26.2,0.02,-7.31,-7.31,0,0.453,1.74,0.954,9.61,19.2,328,277,2460395.3,842,0.428,2.54
2014 WU200,2111,2111,2,1.4e-6,1.73,28.9,0.005,-8.28,-8.44,0,0.0715,1.03,0.954,1.27,266,227,98,2460096.923,381,0.946,1.1
2010 UZ7,2111,2111,1,3.1e-9,15.96,24.7,0.039,-8.52,-8.52,0,0.634,2.2,0.807,5.42,209,113,15.9,2455446.752,1190,0.301,3.6
2004 DA53,2111,2112,3,1.7e-6,9.35,27.9,0.009,-7.52,-7.61,0,0.33,0.884,0.592,5.14,337,50,284,2460264.479,303,1.19,1.18
2009 FZ10,2111,2115,5,1.3e-5,13.01,25.5,0.027,-5.37,-5.37,0,0.597,2.13,0.859,6.46,178,304,14.7,2454869.086,1140,0.317,3.4
2016 WN1,2112,2112,1,1e-6,15.09,25.3,0.029,-6.32,-6.32,0,0.62,2.12,0.806,3.14,234,115,88.9,2459921.918,1130,0.319,3.44
2016 TB57,2112,2112,1,1.1e-8,2.22,26.1,0.02,-9.01,-9.01,0,0.123,1.1,0.967,0.298,295,148,301,2460269.68,423,0.852,1.24
2010 UC7,2112,2112,8,2e-6,13.28,24.7,0.038,-5.82,-6.43,0,0.568,1.89,0.815,5.18,224,237,343,2455544.395,946,0.381,2.96
2012 BA102,2112,2112,1,7e-6,7.23,26.5,0.017,-6.3,-6.3,0,0.396,1.55,0.935,2.37,307,143,18.1,2455924.134,703,0.512,2.16
2014 CE,2112,2112,1,1.3e-6,13.03,27,0.013,-7.1,-7.1,0,0.458,1.37,0.743,6.04,133,281,29,2460153.307,586,0.614,2
2016 TC57,2112,2112,1,1e-6,8.74,27,0.013,-7.34,-7.34,0,0.548,2.18,0.983,4.47,20.9,340,60.4,2460003.72,1170,0.307,3.37
2004 XG29,2112,2112,1,1.2e-7,5.09,25.4,0.029,-7.57,-7.57,0,0.314,1.41,0.968,0.154,302,111,87.3,2460052.101,612,0.589,1.85
2015 PL57,2112,2112,1,7e-8,3.82,25.8,0.024,-8.03,-8.03,0,0.144,1.12,0.959,1.63,113,115,9.72,2460188.802,433,0.831,1.28
2009 DM40,2112,2112,2,1.1e-8,8.88,26.6,0.016,-9.09,-9.34,0,0.343,1.33,0.875,6.82,154,305,29.7,2454842.111,561,0.641,1.79
2014 HC196,2112,2112,1,2e-10,10.36,25.2,0.031,-10.12,-10.1,0,0.569,2.5,1.08,3.68,47.8,117,11.8,2456724.499,1440,0.25,3.91
2011 YQ1,2113,2113,1,1.2e-6,11.65,25.6,0.026,-6.51,-6.51,0,0.549,1.93,0.873,1.72,266,128,145,2459804.366,983,0.366,3
2016 GU2,2113,2113,1,9.2e-9,39.17,24.1,0.052,-7.23,-7.23,0,0.957,2.05,0.0874,10.3,16.5,21,14.1,2457442.35,1070,0.335,4.02
2011 UA64,2113,2113,1,3.3e-8,14.41,27.1,0.013,-8.7,-8.7,0,0.622,2.27,0.858,6.36,29.1,304,11.5,2455816.757,1250,0.288,3.68
2000 WJ107,2114,2114,10,2.2e-6,12.78,23.1,0.081,-5.02,-5.63,0,0.558,1.95,0.861,5.99,238,128,157,2459767.458,993,0.363,3.03
2016 FV13,2114,2114,1,2e-5,11.06,25.9,0.023,-5.44,-5.44,0,0.454,1.61,0.879,5.08,202,51.4,209,2460512.48,746,0.483,2.34
2015 DD54,2114,2114,1,2.6e-6,6.7,25.4,0.028,-6.25,-6.25,0,0.494,1.96,0.991,0.944,349,179,39.2,2460091.621,1000,0.36,2.92
2015 EG,2115,2115,1,3.4e-8,9.56,25.7,0.025,-8.15,-8.15,0,0.356,0.863,0.556,2.5,168,224,330,2460225.319,293,1.23,1.17
2014 KW76,2115,2115,1,2.8e-7,15,28,0.008,-8.22,-8.22,0,0.562,1.68,0.737,2.34,67.3,102,116,2459944.763,797,0.452,2.63
2012 FN,2115,2115,1,2.3e-8,3.27,29.2,0.005,-10.18,-10.2,0,0.187,1.22,0.993,3.23,357,148,21.7,2455973.741,493,0.73,1.45
101955 Bennu (1999 RQ36),2175,2199,78,3.7e-4,5.99,20.2,0.49,-1.71,-2.32,(*),0.204,1.13,0.897,6.03,2.06,66.2,102,2455439.142,437,0.824,1.36
410777 (2009 FD),2185,2198,7,0.0016,15.87,22.1,0.16,-1.78,-1.83,(*),0.493,1.16,0.59,3.13,9.27,282,143,2460018.957,459,0.785,1.74
29075 (1950 DA),2880,2880,1,1.2e-4,14.1,17.6,1.3,-1.42,-1.42,(*),0.508,1.7,0.835,12.2,357,225,45.3,2460098.828,808,0.445,2.56
